date,max_cpuIOWaitPercent,max_cpuPercent,max_diskReadsPerSecond,max_diskWritesPerSecond,max_loadAverageOneMinute,max_memoryUsedBytes,max_swapUsedBytes
2017-08-14 11:12:16,1.6543011665344238,45.86673355102539,1801.1602783203125,176.0352020263672,12.130000114440918,179271270400.0,0.0
2017-08-14 11:13:16,1.7088449001312256,45.472312927246094,2165.032958984375,144.1999969482422,9.40999984741211,179214516224.0,0.0
2017-08-14 11:14:16,5.143229007720947,42.71036911010742,4009.601806640625,133.8000030517578,9.390000343322754,179278938112.0,0.0
2017-08-14 11:15:16,9.988962173461914,90.78868103027344,14706.541015625,136.1999969482422,16.34000015258789,179236405248.0,0.0
2017-08-14 11:16:16,4.927318096160889,71.80270385742188,2623.32470703125,179.0358123779297,17.920000076293945,179261341696.0,0.0
2017-08-14 11:17:16,3.060508966445923,97.67430114746094,2849.969970703125,154.39999389648438,15.510000228881836,179260325888.0,0.0
2017-08-14 11:18:16,7.1790242195129395,38.05083465576172,4392.7998046875,180.39999389648438,12.319999694824219,179224526848.0,0.0
2017-08-14 11:19:16,7.839992046356201,39.892845153808594,4362.7998046875,149.6299285888672,9.1899995803833,179275988992.0,0.0
2017-08-14 11:20:16,2.940587043762207,49.003204345703125,2570.31396484375,206.39999389648438,10.920000076293945,179267125248.0,0.0
2017-08-14 11:21:16,14.394015312194824,80.43870544433594,8219.6435546875,203.64073181152344,15.619999885559082,179259277312.0,0.0
2017-08-14 11:22:16,10.857142448425293,87.20207977294922,8960.3916015625,191.23825073242188,17.399999618530273,179328778240.0,0.0
2017-08-14 11:23:16,1.707988977432251,64.27569580078125,2385.800048828125,166.43328857421875,13.850000381469727,179372081152.0,0.0
2017-08-14 11:24:16,7.273547649383545,57.85256576538086,4575.7998046875,161.83236694335938,11.850000381469727,179454918656.0,0.0
2017-08-14 11:25:16,1.6334302425384521,68.37358093261719,1028.0,187.8375701904297,11.170000076293945,179437076480.0,0.0
2017-08-14 11:26:16,2.1888303756713867,64.97772216796875,1977.1954345703125,173.6347198486328,9.020000457763672,179480985600.0,0.0
2017-08-14 11:27:16,5.463385105133057,50.67916488647461,4272.2001953125,229.245849609375,7.940000057220459,179451936768.0,0.0
2017-08-14 11:28:16,11.073775291442871,70.05706024169922,1760.0,248.6497344970703,7.5,179518668800.0,0.0
2017-08-14 11:29:16,5.788813591003418,30.607746124267578,7609.2001953125,153.8000030517578,6.739999771118164,179510755328.0,0.0
2017-08-14 11:30:16,12.855997085571289,65.22676086425781,3035.60009765625,156.8000030517578,8.289999961853027,179503677440.0,0.0
2017-08-14 11:31:16,13.671914100646973,61.16539001464844,9957.19140625,129.22584533691406,12.1899995803833,179502268416.0,0.0
2017-08-14 11:32:16,11.340154647827148,48.2808723449707,11842.16796875,163.03260803222656,14.5600004196167,179602931712.0,0.0
2017-08-14 11:33:16,12.15857219696045,74.19937133789062,9125.400390625,224.60000610351562,12.619999885559082,179642597376.0,0.0
2017-08-14 11:34:16,3.7367260456085205,45.56473922729492,3618.199951171875,155.8000030517578,8.65999984741211,179540328448.0,0.0
2017-08-14 11:35:16,17.822229385375977,63.66187286376953,9726.1455078125,146.8000030517578,14.140000343322754,179577683968.0,0.0
2017-08-14 11:36:16,5.018298625946045,47.548702239990234,5048.60009765625,157.39999389648438,10.850000381469727,179555926016.0,0.0
2017-08-14 11:37:16,16.826223373413086,51.16721725463867,10245.2001953125,179.8000030517578,10.539999961853027,179581517824.0,0.0
2017-08-14 11:38:16,7.900937557220459,69.82228088378906,6867.39990234375,143.22865295410156,8.390000343322754,179566182400.0,0.0
2017-08-14 11:39:16,3.7816178798675537,35.25875473022461,2200.64013671875,119.19999694824219,6.659999847412109,179533053952.0,0.0
2017-08-14 11:40:16,12.63485336303711,87.0068130493164,5771.95458984375,133.2266387939453,9.65999984741211,179592216576.0,0.0
2017-08-14 11:41:16,14.686824798583984,73.96957397460938,13927.9853515625,155.43109130859375,14.1899995803833,179549175808.0,0.0
2017-08-14 11:42:19,13.042386054992676,84.03614807128906,16547.708984375,167.0,13.979999542236328,179550650368.0,0.0
2017-08-14 11:43:19,22.2071533203125,87.89412689208984,17913.599609375,215.39999389648438,20.889999389648438,179589660672.0,0.0
2017-08-14 11:44:19,16.802846908569336,59.037113189697266,9937.7998046875,209.6419219970703,22.8700008392334,179650854912.0,0.0
2017-08-14 11:45:19,5.4364166259765625,70.38093566894531,4534.306640625,165.23304748535156,10.649999618530273,179671482368.0,0.0
2017-08-14 11:46:19,2.138207197189331,50.646488189697266,3814.0,145.62911987304688,8.520000457763672,179750141952.0,0.0
2017-08-14 11:47:19,9.278092384338379,86.89213562011719,8759.751953125,192.8000030517578,9.039999961853027,179726614528.0,0.0
2017-08-14 11:48:19,8.79831600189209,23.627613067626953,4939.98779296875,216.8000030517578,8.479999542236328,179790004224.0,0.0
2017-08-14 11:49:19,6.4335103034973145,61.79460144042969,4122.82470703125,165.83316040039062,6.679999828338623,179772407808.0,0.0
2017-08-14 11:50:19,7.9825615882873535,93.69337463378906,5507.60009765625,182.03640747070312,13.880000114440918,179828260864.0,0.0
2017-08-14 11:51:19,0.6616209745407104,59.22718811035156,651.9303588867188,184.4368896484375,14.84000015258789,179796230144.0,0.0
2017-08-14 11:52:19,2.9062483310699463,62.84941482543945,1887.177490234375,154.60000610351562,10.020000457763672,179821232128.0,0.0
2017-08-14 11:53:19,3.931093215942383,26.140518188476562,1963.792724609375,177.63552856445312,9.9399995803833,179820363776.0,0.0
2017-08-14 11:54:19,6.667000770568848,87.56694793701172,3399.0,168.0,10.5,179865387008.0,0.0
2017-08-14 11:55:19,3.8361377716064453,79.82368469238281,4778.95556640625,195.1999969482422,15.149999618530273,179848937472.0,0.0
2017-08-14 11:56:19,3.50596022605896,55.028045654296875,1372.074462890625,160.03201293945312,13.579999923706055,179854819328.0,0.0
2017-08-14 11:57:19,6.92955207824707,22.918128967285156,4854.37109375,161.8000030517578,6.769999980926514,179842465792.0,0.0
2017-08-14 11:58:19,5.034313678741455,79.28685760498047,4757.7998046875,176.8000030517578,10.09000015258789,179816759296.0,0.0
2017-08-14 11:59:19,5.377098560333252,57.3797607421875,4758.60009765625,174.0,10.220000267028809,179803324416.0,0.0
2017-08-14 12:00:19,7.574314594268799,62.37663269042969,6144.2001953125,154.43089294433594,9.970000267028809,179569704960.0,0.0
2017-08-14 12:01:19,2.2901527881622314,32.30931091308594,2120.0,192.1999969482422,8.710000038146973,179276054528.0,0.0
2017-08-14 12:02:19,6.286000728607178,28.81126594543457,3781.39990234375,181.83636474609375,4.130000114440918,179275776000.0,0.0
2017-08-14 12:03:19,13.296246528625488,35.58405303955078,9962.5927734375,161.8000030517578,9.100000381469727,179285606400.0,0.0
2017-08-14 12:04:19,0.8763583302497864,44.52843475341797,979.0,214.0,7.260000228881836,179293847552.0,0.0
2017-08-14 12:05:19,6.322386741638184,76.56053924560547,5566.2001953125,347.3999938964844,11.630000114440918,179385630720.0,0.0
2017-08-14 12:06:19,5.584493637084961,47.44244384765625,3529.7060546875,176.0,9.710000038146973,179284279296.0,0.0
2017-08-14 12:07:19,3.3279871940612793,72.63031768798828,2772.754638671875,202.39999389648438,12.380000114440918,179333087232.0,0.0
2017-08-14 12:08:19,6.895514965057373,23.367576599121094,2961.800048828125,177.43548583984375,12.170000076293945,179351486464.0,0.0
2017-08-14 12:09:19,13.44794750213623,44.22614288330078,11051.2001953125,188.1999969482422,11.869999885559082,179420233728.0,0.0
2017-08-14 12:10:19,6.0993332862854,76.26457214355469,5446.2001953125,159.1999969482422,21.15999984741211,179434094592.0,0.0
2017-08-14 12:11:19,9.640064239501953,91.92328643798828,8306.0615234375,240.8000030517578,20.540000915527344,179447431168.0,0.0
2017-08-14 12:12:22,12.226789474487305,92.11540985107422,7884.376953125,111.62232208251953,22.200000762939453,179082199040.0,0.0
2017-08-14 12:13:22,15.944644927978516,77.25747680664062,11826.1650390625,176.8000030517578,18.010000228881836,178996051968.0,0.0
2017-08-14 12:14:22,11.220245361328125,91.53187561035156,9165.4326171875,178.60000610351562,14.869999885559082,178983387136.0,0.0
2017-08-14 12:15:22,6.164246559143066,91.6374740600586,4749.60009765625,155.23104858398438,18.860000610351562,179022643200.0,0.0
2017-08-14 12:16:22,2.967567205429077,71.89486694335938,5587.7177734375,160.8000030517578,17.860000610351562,178994724864.0,0.0
2017-08-14 12:17:22,2.1151821613311768,38.20478057861328,1908.5999755859375,159.60000610351562,11.369999885559082,179010977792.0,0.0
2017-08-14 12:18:22,0.9967442750930786,65.30642700195312,915.2000122070312,277.20001220703125,13.600000381469727,178951815168.0,0.0
2017-08-14 12:19:22,5.426395416259766,66.05274963378906,5214.8427734375,168.43368530273438,13.109999656677246,178919243776.0,0.0
2017-08-14 12:20:22,2.8869285583496094,84.0140151977539,1684.1368408203125,154.63092041015625,16.739999771118164,178948849664.0,0.0
2017-08-14 12:21:22,4.021031379699707,63.40510940551758,3918.3837890625,118.02360534667969,19.3799991607666,178973523968.0,0.0
2017-08-14 12:22:22,3.592724323272705,84.6246337890625,3519.703857421875,270.2540588378906,11.039999961853027,178921652224.0,0.0
2017-08-14 12:23:22,1.6340032815933228,86.5695571899414,3447.0,128.1999969482422,15.149999618530273,178793152512.0,0.0
2017-08-14 12:24:22,4.014836311340332,85.82515716552734,4257.45166015625,147.2294464111328,20.309999465942383,178764480512.0,0.0
2017-08-14 12:25:22,2.764838457107544,91.65330505371094,1929.185791015625,255.60000610351562,24.229999542236328,178778488832.0,0.0
2017-08-14 12:26:22,17.48430824279785,80.73320770263672,11018.2041015625,137.427490234375,22.420000076293945,178307629056.0,0.0
2017-08-14 12:27:22,17.640850067138672,80.6741714477539,16350.8701171875,192.60000610351562,19.639999389648438,178361925632.0,0.0
2017-08-14 12:28:22,22.251243591308594,87.74906158447266,19689.0,213.60000610351562,25.559999465942383,178352062464.0,0.0
2017-08-14 12:29:22,5.498471260070801,81.99859619140625,3903.199951171875,172.03440856933594,25.5,178386731008.0,0.0
2017-08-14 12:30:22,3.8301498889923096,97.46823120117188,2785.156982421875,180.0360107421875,19.75,178399805440.0,0.0
2017-08-14 12:31:22,3.013437509536743,78.94710540771484,4963.7998046875,167.2334442138672,22.920000076293945,178425888768.0,0.0
2017-08-14 12:32:22,3.1069908142089844,69.57088470458984,1333.8668212890625,189.43788146972656,21.43000030517578,178445533184.0,0.0
2017-08-14 12:33:22,11.05593204498291,79.28266906738281,7649.2001953125,194.03880310058594,15.779999732971191,178428952576.0,0.0
2017-08-14 12:34:22,9.848143577575684,86.91424560546875,10618.0,218.04360961914062,12.489999771118164,178482872320.0,0.0
2017-08-14 12:35:22,6.1685709953308105,94.37853240966797,5989.19775390625,183.39999389648438,15.220000267028809,178495815680.0,0.0
2017-08-14 12:36:22,3.2279083728790283,83.37339782714844,3189.199951171875,261.25225830078125,15.180000305175781,178471911424.0,0.0
2017-08-14 12:37:22,2.5155341625213623,65.57426452636719,2551.310302734375,179.43588256835938,15.109999656677246,178505023488.0,0.0
2017-08-14 12:38:22,3.784461259841919,56.790618896484375,2976.995361328125,192.39999389648438,18.469999313354492,178475794432.0,0.0
2017-08-14 12:39:22,8.223915100097656,59.38345718383789,3794.39990234375,145.82916259765625,17.670000076293945,178391187456.0,0.0
2017-08-14 12:40:22,9.618083000183105,87.43612670898438,11573.9150390625,189.23785400390625,15.380000114440918,178397741056.0,0.0
2017-08-14 12:41:22,13.596029281616211,57.52381134033203,11039.8076171875,192.83856201171875,14.350000381469727,178450366464.0,0.0
2017-08-14 12:42:25,14.45976448059082,79.6489486694336,10514.400390625,159.39999389648438,16.469999313354492,178438029312.0,0.0
2017-08-14 12:43:25,3.3348376750946045,62.873741149902344,10915.2001953125,143.62872314453125,14.789999961853027,178478678016.0,0.0
2017-08-14 12:44:25,13.203289985656738,75.51399230957031,13389.7998046875,157.2314453125,14.170000076293945,178492178432.0,0.0
2017-08-14 12:45:25,10.327531814575195,95.04409790039062,10754.0,174.8349609375,22.079999923706055,178509381632.0,0.0
2017-08-14 12:46:25,5.29137659072876,94.26151275634766,4037.8076171875,147.2294464111328,19.729999542236328,178475073536.0,0.0
2017-08-14 12:47:25,5.958770275115967,95.68568420410156,3053.60009765625,165.23304748535156,18.649999618530273,178489622528.0,0.0
2017-08-14 12:48:25,2.5811948776245117,88.7413558959961,1969.0,137.02740478515625,11.470000267028809,178167185408.0,0.0
2017-08-14 12:49:25,5.127175807952881,61.5311279296875,4427.7998046875,162.03240966796875,13.760000228881836,178153160704.0,0.0
2017-08-14 12:50:25,9.368420600891113,58.05740737915039,6987.794921875,241.39999389648438,18.200000762939453,178150932480.0,0.0
2017-08-14 12:51:25,12.096774101257324,75.3465805053711,10030.7998046875,210.6421356201172,18.399999618530273,178206261248.0,0.0
2017-08-14 12:52:25,2.1289384365081787,88.53082275390625,1945.800048828125,171.1999969482422,15.5,178259394560.0,0.0
2017-08-14 12:53:25,6.23024845123291,30.393779754638672,2621.5244140625,195.4390869140625,12.65999984741211,178233131008.0,0.0
2017-08-14 12:54:25,5.565853595733643,51.953125,5096.7998046875,170.1999969482422,6.769999980926514,178290393088.0,0.0
2017-08-14 12:55:25,7.412419319152832,71.33554077148438,5503.2001953125,180.0360107421875,15.4399995803833,178247270400.0,0.0
2017-08-14 12:56:25,6.515637397766113,44.53019332885742,7306.0,174.6349334716797,15.329999923706055,178284953600.0,0.0
2017-08-14 12:57:25,6.400481700897217,35.0822639465332,5132.0,282.2564392089844,9.029999732971191,178282037248.0,0.0
2017-08-14 12:58:25,6.120914459228516,53.91474151611328,5992.0,188.63772583007812,10.270000457763672,178294652928.0,0.0
2017-08-14 12:59:25,13.801926612854004,66.86372375488281,9503.5009765625,135.4270782470703,9.680000305175781,178302435328.0,0.0
2017-08-14 13:00:25,18.566987991333008,76.66149139404297,12095.400390625,174.8349609375,18.56999969482422,178358386688.0,0.0
2017-08-14 13:01:25,2.8057518005371094,39.90177536010742,1669.4000244140625,168.83377075195312,15.15999984741211,178350587904.0,0.0
2017-08-14 13:02:25,1.6936413049697876,34.72834777832031,1225.84521484375,132.62652587890625,6.920000076293945,178364514304.0,0.0
2017-08-14 13:03:25,1.7840139865875244,33.51708984375,1165.4000244140625,156.1999969482422,6.159999847412109,178414256128.0,0.0
2017-08-14 13:04:25,14.604827880859375,77.03595733642578,9329.8662109375,155.23104858398438,7.960000038146973,178371248128.0,0.0
2017-08-14 13:05:25,4.718920707702637,56.66349411010742,4527.10546875,158.39999389648438,13.5,178425053184.0,0.0
2017-08-14 13:06:25,8.45451831817627,51.70875930786133,3551.60009765625,126.02520751953125,14.4399995803833,178381389824.0,0.0
2017-08-14 13:07:25,5.361527442932129,46.37042236328125,2878.60009765625,149.39999389648438,12.859999656677246,178365300736.0,0.0
2017-08-14 13:08:25,2.4761905670166016,24.5563907623291,1401.0802001953125,157.83157348632812,10.260000228881836,178294489088.0,0.0
2017-08-14 13:09:25,9.427626609802246,48.45856857299805,5293.45849609375,123.02460479736328,9.600000381469727,178309234688.0,0.0
2017-08-14 13:10:25,3.474555015563965,50.63145065307617,3120.0,278.2556457519531,12.850000381469727,178393268224.0,0.0
2017-08-14 13:11:25,15.345987319946289,80.65682220458984,12767.400390625,180.8000030517578,14.359999656677246,178290540544.0,0.0
2017-08-14 13:12:28,18.44285011291504,87.83153533935547,16195.400390625,147.62953186035156,20.59000015258789,178336169984.0,0.0
2017-08-14 13:13:28,24.841947555541992,85.07268524169922,19658.931640625,129.6259307861328,27.65999984741211,178306809856.0,0.0
2017-08-14 13:14:28,13.365418434143066,79.63204193115234,9995.9990234375,151.23023986816406,23.350000381469727,178357010432.0,0.0
2017-08-14 13:15:28,3.2338931560516357,85.17925262451172,5615.3232421875,292.45849609375,20.139999389648438,178335514624.0,0.0
2017-08-14 13:16:28,7.088468074798584,60.41301345825195,8272.0,130.22604370117188,16.219999313354492,178267455488.0,0.0
2017-08-14 13:17:28,2.495490074157715,34.691322326660156,2929.785888671875,136.39999389648438,12.34000015258789,178287017984.0,0.0
2017-08-14 13:18:28,11.027016639709473,61.32023620605469,7643.60009765625,163.39999389648438,7.170000076293945,178247467008.0,0.0
2017-08-14 13:19:28,7.566267490386963,59.97595977783203,4309.86181640625,132.65306091308594,8.989999771118164,178293063680.0,0.0
2017-08-14 13:20:28,7.480847358703613,45.851287841796875,4525.7998046875,155.60000610351562,17.639999389648438,178316345344.0,0.0
2017-08-14 13:21:28,9.682913780212402,38.78666305541992,9620.0,133.1999969482422,16.18000030517578,178275155968.0,0.0
2017-08-14 13:22:28,4.560717582702637,48.0669059753418,2602.5205078125,122.22444152832031,10.619999885559082,178237292544.0,0.0
2017-08-14 13:23:28,4.275475025177002,55.721866607666016,6990.1982421875,115.80000305175781,10.489999771118164,178216452096.0,0.0
2017-08-14 13:24:28,6.125720024108887,56.20987319946289,7121.39990234375,188.43768310546875,13.829999923706055,178146590720.0,0.0
2017-08-14 13:25:28,11.116129875183105,78.88198852539062,6063.21240234375,191.8000030517578,18.579999923706055,178051416064.0,0.0
2017-08-14 13:26:28,10.170001029968262,81.89559936523438,9717.34375,130.0,16.950000762939453,177968988160.0,0.0
2017-08-14 13:27:28,4.940127372741699,94.59554290771484,7993.798828125,159.03179931640625,19.790000915527344,177977311232.0,0.0
2017-08-14 13:28:28,3.835163116455078,89.8677749633789,4916.783203125,122.19999694824219,18.959999084472656,178049105920.0,0.0
2017-08-14 13:29:28,5.597594738006592,70.82394409179688,4136.42724609375,695.3390502929688,18.3700008392334,178069995520.0,0.0
2017-08-14 13:30:28,7.646056652069092,98.2435073852539,7705.7998046875,121.0,19.309999465942383,178079793152.0,0.0
2017-08-14 13:31:28,7.035830497741699,96.18099212646484,5828.9658203125,120.02400207519531,20.170000076293945,178019401728.0,0.0
2017-08-14 13:32:28,5.805093288421631,47.57466506958008,5124.2001953125,117.62352752685547,11.859999656677246,178034278400.0,0.0
2017-08-14 13:33:28,8.074627876281738,71.66307067871094,7851.7705078125,119.80000305175781,8.59000015258789,177987682304.0,0.0
2017-08-14 13:34:28,8.538604736328125,79.96492767333984,13688.2001953125,163.03260803222656,11.630000114440918,177952227328.0,0.0
2017-08-14 13:35:28,10.457942962646484,73.78280639648438,10499.5,156.1999969482422,18.149999618530273,177843109888.0,0.0
2017-08-14 13:36:28,3.0564184188842773,93.34000396728516,4382.7998046875,168.8000030517578,18.549999237060547,177830526976.0,0.0
2017-08-14 13:37:28,11.919466018676758,76.66817474365234,16897.80078125,110.2220458984375,19.100000381469727,177858019328.0,0.0
2017-08-14 13:38:28,11.140130996704102,61.351078033447266,12364.0732421875,176.8353729248047,14.210000038146973,177823875072.0,0.0
2017-08-14 13:39:28,16.207399368286133,64.11104583740234,9759.5517578125,175.39999389648438,11.859999656677246,177747001344.0,0.0
2017-08-14 13:40:28,8.737279891967773,96.59261322021484,11920.3837890625,160.03201293945312,14.4399995803833,177734811648.0,0.0
2017-08-14 13:41:28,13.311932563781738,97.37237548828125,10681.400390625,175.83517456054688,21.25,177777541120.0,0.0
2017-08-14 13:42:31,15.63267993927002,64.39530944824219,11003.0009765625,214.8000030517578,20.530000686645508,177802346496.0,0.0
2017-08-14 13:43:31,14.249836921691895,79.01953887939453,11159.83203125,208.8000030517578,18.209999084472656,177875976192.0,0.0
2017-08-14 13:44:31,15.940361022949219,44.58300018310547,10572.1142578125,149.6299285888672,16.139999389648438,177733451776.0,0.0
2017-08-14 13:45:31,7.452669620513916,95.46453857421875,6660.40380859375,173.8000030517578,17.229999542236328,177741742080.0,0.0
2017-08-14 13:46:31,7.006751537322998,35.51757049560547,6072.60009765625,122.8245620727539,14.890000343322754,177734156288.0,0.0
2017-08-14 13:47:31,4.34782600402832,31.50931167602539,3722.0,207.0,11.359999656677246,177745543168.0,0.0
2017-08-14 13:48:31,3.956780433654785,35.9090690612793,4850.60009765625,186.83737182617188,8.670000076293945,177766318080.0,0.0
2017-08-14 13:49:31,8.78472900390625,45.38315200805664,4302.60009765625,150.83016967773438,7.179999828338623,177737203712.0,0.0
2017-08-14 13:50:31,4.3794145584106445,48.794090270996094,4262.65234375,138.8000030517578,12.34000015258789,177757896704.0,0.0
2017-08-14 13:51:31,10.003510475158691,42.00180435180664,7481.7998046875,159.63192749023438,9.869999885559082,177698062336.0,0.0
2017-08-14 13:52:31,6.120607376098633,89.15524291992188,4705.7998046875,139.02780151367188,9.930000305175781,177501306880.0,0.0
2017-08-14 13:53:31,2.851701498031616,25.506214141845703,2026.2052001953125,137.0,5.71999979019165,177579687936.0,0.0
2017-08-14 13:54:31,10.125375747680664,82.78470611572266,9222.0439453125,164.03280639648438,5.760000228881836,177533714432.0,0.0
2017-08-14 13:55:31,3.406984329223633,96.43732452392578,5343.86865234375,163.0,14.210000038146973,177561485312.0,0.0
2017-08-14 13:56:31,14.8399076461792,97.21123504638672,11397.0791015625,168.43368530273438,24.68000030517578,177587240960.0,0.0
2017-08-14 13:57:31,21.597469329833984,65.14382934570312,16623.19921875,212.8000030517578,24.940000534057617,177578475520.0,0.0
2017-08-14 13:58:31,21.95330238342285,66.84910583496094,17947.58984375,218.0,18.920000076293945,177636409344.0,0.0
2017-08-14 13:59:31,13.141138076782227,40.295814514160156,8087.7998046875,200.04000854492188,11.770000457763672,177625268224.0,0.0
2017-08-14 14:00:31,4.077747821807861,85.35669708251953,5131.7998046875,146.39999389648438,14.329999923706055,177678893056.0,0.0
2017-08-14 14:01:31,21.248493194580078,64.14724731445312,10137.7998046875,195.4390869140625,15.760000228881836,177726062592.0,0.0
2017-08-14 14:02:31,9.686152458190918,94.40548706054688,8372.07421875,161.8000030517578,17.010000228881836,177742725120.0,0.0
2017-08-14 14:03:31,5.2056169509887695,61.11445236206055,2655.131103515625,173.0,14.289999961853027,177774051328.0,0.0
2017-08-14 14:04:31,6.690070152282715,66.0130386352539,8011.0,134.39999389648438,13.890000343322754,177748066304.0,0.0
2017-08-14 14:05:31,7.730510711669922,70.6716079711914,9402.2001953125,214.60000610351562,18.229999542236328,177481695232.0,0.0
2017-08-14 14:06:31,3.658414363861084,57.959327697753906,4079.81591796875,152.1999969482422,18.860000610351562,177513447424.0,0.0
2017-08-14 14:07:31,3.1813626289367676,16.427783966064453,2629.725830078125,108.80000305175781,13.930000305175781,177517756416.0,0.0
2017-08-14 14:08:31,7.27646541595459,73.92110443115234,5394.7998046875,137.39999389648438,7.239999771118164,177485479936.0,0.0
2017-08-14 14:09:31,9.308270454406738,63.335670471191406,6477.09521484375,136.39999389648438,8.470000267028809,177499504640.0,0.0
2017-08-14 14:10:31,8.904487609863281,70.59884643554688,7711.7421875,136.82736206054688,14.109999656677246,177526226944.0,0.0
2017-08-14 14:11:31,8.070422172546387,70.20465850830078,7613.5224609375,112.5999984741211,16.670000076293945,177515823104.0,0.0
2017-08-14 14:12:34,9.120978355407715,66.60481262207031,10173.8349609375,125.22504425048828,17.579999923706055,177573527552.0,0.0
2017-08-14 14:13:34,14.29001522064209,82.8774642944336,15264.453125,149.60000610351562,20.510000228881836,177551704064.0,0.0
2017-08-14 14:14:34,16.8413143157959,85.57967376708984,16465.400390625,181.0,24.850000381469727,177673764864.0,0.0
2017-08-14 14:15:34,9.732738494873047,95.65021514892578,12158.2001953125,200.68026733398438,28.190000534057617,177708400640.0,0.0
2017-08-14 14:16:34,13.558048248291016,95.9881820678711,10793.599609375,240.8000030517578,27.799999237060547,177574035456.0,0.0
2017-08-14 14:17:34,9.686309814453125,95.45568084716797,10039.400390625,122.19999694824219,26.030000686645508,177575968768.0,0.0
2017-08-14 14:18:34,5.200601577758789,74.61653900146484,7773.95458984375,140.1999969482422,24.940000534057617,177629593600.0,0.0
2017-08-14 14:19:34,6.185773849487305,64.62393951416016,3415.0830078125,178.60000610351562,14.029999732971191,177638244352.0,0.0
2017-08-14 14:20:34,3.339508295059204,82.36119079589844,1872.1744384765625,154.0,16.760000228881836,177652039680.0,0.0
2017-08-14 14:21:34,9.665446281433105,95.33183288574219,8313.0,139.82797241210938,15.350000381469727,177645912064.0,0.0
2017-08-14 14:22:34,11.261034965515137,84.22502899169922,7973.0,210.39999389648438,16.739999771118164,177661149184.0,0.0
2017-08-14 14:23:34,4.279200077056885,70.94641876220703,3916.199951171875,123.4000015258789,15.239999771118164,177681383424.0,0.0
2017-08-14 14:24:34,5.865837574005127,87.31279754638672,4464.39990234375,143.0,16.389999389648438,177631363072.0,0.0
2017-08-14 14:25:34,8.095787048339844,98.58936309814453,7896.7998046875,156.63133239746094,21.209999084472656,177594318848.0,0.0
2017-08-14 14:26:34,3.993786334991455,96.86608123779297,3249.449951171875,203.75924682617188,24.549999237060547,177607409664.0,0.0
2017-08-14 14:27:34,6.108937740325928,46.33864974975586,4551.2001953125,116.4000015258789,18.329999923706055,177512939520.0,0.0
2017-08-14 14:28:34,7.437312126159668,59.23716735839844,6821.7998046875,114.6229248046875,11.869999885559082,177510727680.0,0.0
2017-08-14 14:29:34,9.525957107543945,73.55831909179688,7337.60009765625,160.4320831298828,13.329999923706055,177428987904.0,0.0
2017-08-14 14:30:34,5.693950176239014,80.33952331542969,4622.9248046875,139.82797241210938,18.799999237060547,177302945792.0,0.0
2017-08-14 14:31:34,13.253072738647461,78.56212615966797,10342.2001953125,142.8285675048828,19.229999542236328,177343119360.0,0.0
2017-08-14 14:32:34,10.56249713897705,87.03406524658203,9604.0,126.4000015258789,19.420000076293945,177320935424.0,0.0
2017-08-14 14:33:34,8.928482055664062,77.55674743652344,10673.734375,116.5999984741211,18.31999969482422,177363189760.0,0.0
2017-08-14 14:34:34,13.861882209777832,87.91929626464844,9090.818359375,132.60000610351562,18.389999389648438,177321607168.0,0.0
2017-08-14 14:35:34,8.458683967590332,91.04888916015625,8829.0,130.8000030517578,20.540000915527344,177388290048.0,0.0
2017-08-14 14:36:34,11.639680862426758,89.64115142822266,9395.7998046875,203.8000030517578,21.25,177417371648.0,0.0
2017-08-14 14:37:34,3.853670835494995,37.243797302246094,5141.0283203125,188.43768310546875,16.600000381469727,177425186816.0,0.0
2017-08-14 14:38:34,8.51074504852295,47.38401412963867,7456.69140625,114.6229248046875,12.760000228881836,177417093120.0,0.0
2017-08-14 14:39:34,10.159461975097656,77.69427490234375,6376.39990234375,110.62212371826172,13.109999656677246,177433001984.0,0.0
2017-08-14 14:40:34,11.881834030151367,80.51921844482422,8599.599609375,118.0,19.579999923706055,177426776064.0,0.0
2017-08-14 14:41:34,20.73017692565918,82.81297302246094,17508.599609375,141.0281982421875,21.360000610351562,177436540928.0,0.0
2017-08-14 14:42:37,21.12980079650879,81.49485778808594,18750.349609375,133.0,27.329999923706055,177386045440.0,0.0
2017-08-14 14:43:37,23.719459533691406,69.66805267333984,18987.19921875,123.4000015258789,27.850000381469727,177363173376.0,0.0
2017-08-14 14:44:37,9.409289360046387,79.8186264038086,10562.2001953125,137.62753295898438,20.549999237060547,177390796800.0,0.0
2017-08-14 14:45:37,13.08706283569336,69.05310821533203,11892.400390625,151.8000030517578,23.149999618530273,177357324288.0,0.0
2017-08-14 14:46:37,3.5499398708343506,49.56648254394531,2939.587890625,174.8349609375,22.780000686645508,177334976512.0,0.0
2017-08-14 14:47:37,9.139219284057617,46.3068733215332,10885.77734375,186.23724365234375,10.680000305175781,177307713536.0,0.0
2017-08-14 14:48:37,10.52262020111084,50.96987533569336,9085.7998046875,267.2534484863281,9.260000228881836,177395515392.0,0.0
2017-08-14 14:49:37,6.042084217071533,61.167625427246094,9392.87890625,140.39999389648438,7.650000095367432,177320525824.0,0.0
2017-08-14 14:50:37,4.613147258758545,78.4786605834961,6479.39990234375,121.2242431640625,8.970000267028809,177337843712.0,0.0
2017-08-14 14:51:37,11.478696823120117,80.2944564819336,5683.73681640625,201.0402069091797,9.84000015258789,177317888000.0,0.0
2017-08-14 14:52:37,6.080031871795654,70.5319595336914,7660.2001953125,117.62352752685547,14.65999984741211,177329700864.0,0.0
2017-08-14 14:53:37,1.5139362812042236,79.74556732177734,1006.001220703125,197.60000610351562,18.059999465942383,177328766976.0,0.0
2017-08-14 14:54:37,6.254698753356934,77.80897521972656,6633.7998046875,153.8307647705078,13.699999809265137,177259872256.0,0.0
2017-08-14 14:55:37,15.492674827575684,90.89088439941406,13758.3515625,178.8000030517578,22.520000457763672,177207246848.0,0.0
2017-08-14 14:56:37,17.21072769165039,80.81841278076172,10923.5849609375,230.64613342285156,20.790000915527344,177107779584.0,0.0
2017-08-14 14:57:37,9.658008575439453,87.6554946899414,8653.2001953125,228.64573669433594,19.920000076293945,177124884480.0,0.0
2017-08-14 14:58:37,9.008918762207031,81.34896850585938,3240.800048828125,179.39999389648438,19.68000030517578,177006804992.0,0.0
2017-08-14 14:59:37,10.649077415466309,68.74341583251953,6887.77734375,139.8000030517578,16.8700008392334,177049124864.0,0.0
2017-08-14 15:00:37,9.055374145507812,97.87276458740234,5883.39990234375,134.8000030517578,20.270000457763672,177014472704.0,0.0
2017-08-14 15:01:37,13.0258207321167,74.8233871459961,9690.2001953125,143.82876586914062,19.34000015258789,177073356800.0,0.0
2017-08-14 15:02:37,5.738772869110107,44.1163215637207,2795.55908203125,124.80000305175781,14.739999771118164,177075879936.0,0.0
2017-08-14 15:03:37,8.749310493469238,36.73807144165039,5322.2646484375,144.0,10.640000343322754,177126539264.0,0.0
2017-08-14 15:04:37,7.9257588386535645,61.682289123535156,5956.60009765625,142.0,13.869999885559082,177062215680.0,0.0
2017-08-14 15:05:37,3.3411812782287598,80.6391830444336,4877.9755859375,136.1999969482422,19.700000762939453,177030496256.0,0.0
2017-08-14 15:06:37,12.871535301208496,62.067928314208984,8077.41552734375,158.60000610351562,17.8799991607666,177069981696.0,0.0
2017-08-14 15:07:37,2.475942373275757,52.253604888916016,2597.800048828125,171.4342803955078,10.770000457763672,176991879168.0,0.0
2017-08-14 15:08:37,4.571199417114258,61.73921585083008,4453.29052734375,160.83216857910156,11.270000457763672,177022025728.0,0.0
2017-08-14 15:09:37,10.90662956237793,82.78108978271484,9002.599609375,106.22124481201172,18.309999465942383,177059053568.0,0.0
2017-08-14 15:10:37,15.274714469909668,66.53474426269531,9730.9462890625,144.4288787841797,18.389999389648438,177075699712.0,0.0
2017-08-14 15:11:37,18.09786605834961,84.9952392578125,14806.7998046875,310.3999938964844,20.040000915527344,176969056256.0,0.0
2017-08-14 15:12:40,13.894599914550781,88.91728210449219,14444.6884765625,191.1999969482422,16.75,176948674560.0,0.0
2017-08-14 15:13:40,13.561788558959961,76.44110107421875,11444.7998046875,147.4294891357422,15.960000038146973,176950476800.0,0.0
2017-08-14 15:14:40,10.93334674835205,93.71147918701172,8313.9375,201.44029235839844,16.459999084472656,176951656448.0,0.0
2017-08-14 15:15:40,9.775190353393555,86.18997192382812,7790.55810546875,162.23245239257812,17.979999542236328,176835608576.0,0.0
2017-08-14 15:16:40,11.364776611328125,97.89863586425781,7525.39990234375,133.026611328125,16.979999542236328,176824549376.0,0.0
2017-08-14 15:17:40,16.21133804321289,95.93113708496094,10216.7998046875,182.4919891357422,18.239999771118164,176864165888.0,0.0
2017-08-14 15:18:40,2.5368494987487793,46.662322998046875,2754.800048828125,125.2500991821289,12.90999984741211,176856924160.0,0.0
2017-08-14 15:19:40,6.002906322479248,50.39338684082031,4488.69775390625,260.6521301269531,10.40999984741211,176697851904.0,0.0
2017-08-14 15:20:40,4.059539794921875,44.88957977294922,2214.242919921875,230.72312927246094,13.579999923706055,176563879936.0,0.0
2017-08-14 15:21:40,3.536365509033203,43.62944030761719,2303.0,153.63072204589844,13.930000305175781,176544514048.0,0.0
2017-08-14 15:22:40,11.645277976989746,67.55158996582031,5081.0,133.82676696777344,11.050000190734863,176596500480.0,0.0
2017-08-14 15:23:40,16.536935806274414,84.37703704833984,15676.7412109375,137.05482482910156,11.260000228881836,176560537600.0,0.0
2017-08-14 15:24:40,9.52571964263916,76.90765380859375,11953.2001953125,120.19999694824219,12.430000305175781,176607920128.0,0.0
2017-08-14 15:25:40,3.873715877532959,81.25907897949219,3153.199951171875,124.22484588623047,13.220000267028809,176607494144.0,0.0
2017-08-14 15:26:40,10.195684432983398,64.28499603271484,9170.6337890625,100.0,10.609999656677246,176644603904.0,0.0
2017-08-14 15:27:40,18.277732849121094,72.62359619140625,15887.599609375,133.39999389648438,11.75,176638017536.0,0.0
2017-08-14 15:28:40,17.810489654541016,97.49374389648438,15256.6513671875,147.1999969482422,19.809999465942383,176631611392.0,0.0
2017-08-14 15:29:40,5.819840431213379,65.90613555908203,3973.800048828125,125.80000305175781,18.84000015258789,176662429696.0,0.0
2017-08-14 15:30:40,11.888638496398926,86.29965209960938,7531.90625,134.0268096923828,18.93000030517578,176662953984.0,0.0
2017-08-14 15:31:40,6.481203079223633,40.2767333984375,3442.888671875,151.43028259277344,16.260000228881836,176653271040.0,0.0
2017-08-14 15:32:40,10.764446258544922,52.18501281738281,9758.2001953125,113.0226058959961,14.819999694824219,176673226752.0,0.0
2017-08-14 15:33:40,18.137107849121094,75.00501251220703,14585.0,171.60000610351562,14.279999732971191,176713269248.0,0.0
2017-08-14 15:34:40,17.338083267211914,79.01197814941406,11284.45703125,177.43548583984375,17.139999389648438,176726016000.0,0.0
2017-08-14 15:35:40,7.393113136291504,56.489925384521484,3881.60009765625,178.39999389648438,18.84000015258789,176718135296.0,0.0
2017-08-14 15:36:40,5.953096866607666,84.24592590332031,5132.60009765625,115.0,14.600000381469727,176788865024.0,0.0
2017-08-14 15:37:40,9.599478721618652,57.17009353637695,6286.7998046875,162.0,13.600000381469727,176784080896.0,0.0
2017-08-14 15:38:40,10.711419105529785,65.55093383789062,7061.7998046875,173.8000030517578,13.369999885559082,176783130624.0,0.0
2017-08-14 15:39:40,10.651955604553223,56.69255828857422,10458.18359375,157.83157348632812,7.960000038146973,176792584192.0,0.0
2017-08-14 15:40:40,12.60963249206543,69.63166809082031,10074.400390625,176.39999389648438,15.229999542236328,176826613760.0,0.0
2017-08-14 15:41:40,11.169572830200195,53.92549514770508,6943.60009765625,133.0,15.5,176719757312.0,0.0
2017-08-14 15:42:43,13.7882661819458,61.40958023071289,10457.091796875,108.22164154052734,17.43000030517578,176788160512.0,0.0
2017-08-14 15:43:43,13.707289695739746,59.39759063720703,9458.2919921875,122.42448425292969,14.470000267028809,176775757824.0,0.0
2017-08-14 15:44:43,14.778596878051758,79.897705078125,11159.0322265625,159.431884765625,15.239999771118164,176786276352.0,0.0
2017-08-14 15:45:43,11.437024116516113,94.39322662353516,12715.54296875,123.5999984741211,19.3799991607666,176841162752.0,0.0
2017-08-14 15:46:43,8.64921760559082,54.00461196899414,8226.400390625,167.1999969482422,16.68000030517578,176766500864.0,0.0
2017-08-14 15:47:43,5.877931594848633,49.140995025634766,2831.766357421875,300.4600830078125,17.739999771118164,176788865024.0,0.0
2017-08-14 15:48:43,7.106318950653076,44.05573272705078,5010.0,159.431884765625,11.729999542236328,176809213952.0,0.0
2017-08-14 15:49:43,12.943181991577148,52.41462326049805,10641.9287109375,125.0250015258789,13.199999809265137,176774201344.0,0.0
2017-08-14 15:50:43,9.29778003692627,80.60733795166016,7739.748046875,144.62892150878906,17.440000534057617,176744775680.0,0.0
2017-08-14 15:51:43,10.899974822998047,76.63439178466797,8876.9755859375,228.0,16.049999237060547,176694755328.0,0.0
2017-08-14 15:52:43,8.663788795471191,53.47856521606445,11706.541015625,191.0,14.819999694824219,176768581632.0,0.0
2017-08-14 15:53:43,4.60968017578125,34.43559265136719,3601.800048828125,137.427490234375,12.8100004196167,176717660160.0,0.0
2017-08-14 15:54:43,9.003811836242676,65.01226806640625,9839.400390625,177.39999389648438,13.130000114440918,176664444928.0,0.0
2017-08-14 15:55:43,4.054325103759766,84.59996795654297,3865.97314453125,138.60000610351562,16.139999389648438,176718708736.0,0.0
2017-08-14 15:56:43,4.652095317840576,50.769386291503906,4101.39990234375,104.5999984741211,16.40999984741211,176784031744.0,0.0
2017-08-14 15:57:43,6.99027156829834,58.096527099609375,6746.74951171875,153.60000610351562,16.5,176835559424.0,0.0
2017-08-14 15:58:43,5.837843418121338,64.70765686035156,6156.43115234375,165.1999969482422,15.170000076293945,176840425472.0,0.0
2017-08-14 15:59:43,10.086267471313477,43.00832748413086,7693.73876953125,163.23265075683594,12.390000343322754,176840900608.0,0.0
2017-08-14 16:00:43,4.812512397766113,80.19047546386719,5975.2001953125,159.0,17.260000228881836,176883138560.0,0.0
2017-08-14 16:01:43,3.428743362426758,62.75433349609375,3167.633544921875,164.8000030517578,14.489999771118164,176858726400.0,0.0
2017-08-14 16:02:43,2.040407180786133,38.3165397644043,1302.4000244140625,146.82936096191406,13.989999771118164,176850632704.0,0.0
2017-08-14 16:03:43,2.4512507915496826,39.95685577392578,1333.0,139.22784423828125,11.779999732971191,176847405056.0,0.0
2017-08-14 16:04:43,8.691293716430664,87.33409881591797,3931.38623046875,137.02740478515625,13.289999961853027,176902144000.0,0.0
2017-08-14 16:05:43,1.9428170919418335,63.29677963256836,2648.129638671875,95.01900482177734,12.710000038146973,176890085376.0,0.0
2017-08-14 16:06:43,4.151832580566406,53.14285659790039,2685.937255859375,204.8000030517578,11.829999923706055,176895180800.0,0.0
2017-08-14 16:07:43,2.61126708984375,51.74348831176758,2792.3583984375,114.80000305175781,11.680000305175781,176830201856.0,0.0
2017-08-14 16:08:43,3.6079375743865967,59.817718505859375,3620.800048828125,136.02720642089844,12.270000457763672,176875782144.0,0.0
2017-08-14 16:09:43,12.883650779724121,63.39348220825195,12062.400390625,137.62753295898438,11.4399995803833,176899670016.0,0.0
2017-08-14 16:10:43,3.6682536602020264,56.20646286010742,4261.60009765625,239.8000030517578,12.760000228881836,176917643264.0,0.0
2017-08-14 16:11:43,12.636067390441895,58.164031982421875,6822.96435546875,124.0248031616211,15.5600004196167,176884678656.0,0.0
2017-08-14 16:12:50,19.148080825805664,80.72440338134766,15587.3173828125,244.64892578125,21.5,176866852864.0,0.0
2017-08-14 16:13:50,16.59471893310547,59.798213958740234,13801.2001953125,202.8000030517578,21.219999313354492,176761405440.0,0.0
2017-08-14 16:14:50,5.823977470397949,87.41612243652344,5227.0,114.6229248046875,16.399999618530273,176760324096.0,0.0
2017-08-14 16:15:50,6.96345329284668,71.47010040283203,7290.7998046875,182.0,16.600000381469727,176793272320.0,0.0
2017-08-14 16:16:50,13.282504081726074,62.58209991455078,9628.3251953125,215.0430145263672,16.969999313354492,176771973120.0,0.0
2017-08-14 16:17:50,6.942356109619141,37.510650634765625,5063.21240234375,115.4000015258789,11.25,176808050688.0,0.0
2017-08-14 16:18:50,3.6981358528137207,44.15213394165039,2868.373779296875,118.4000015258789,7.159999847412109,176885874688.0,0.0
2017-08-14 16:19:50,7.4475016593933105,57.91109085083008,5765.7529296875,114.4000015258789,10.199999809265137,176853319680.0,0.0
2017-08-14 16:20:50,2.033966302871704,44.09480285644531,1573.314697265625,104.42088317871094,9.720000267028809,176877649920.0,0.0
2017-08-14 16:21:50,6.395349025726318,53.17965316772461,4545.39990234375,110.19999694824219,7.96999979019165,176886743040.0,0.0
2017-08-14 16:22:50,12.515694618225098,89.47394561767578,11522.904296875,144.39999389648438,11.170000076293945,176933076992.0,0.0
2017-08-14 16:23:50,2.3715217113494873,70.1068115234375,3135.22705078125,143.0,10.109999656677246,176961159168.0,0.0
2017-08-14 16:24:50,6.3048601150512695,63.5261116027832,5876.17529296875,123.4246826171875,17.030000686645508,177050468352.0,0.0
2017-08-14 16:25:50,3.4890716075897217,57.14142608642578,2454.0908203125,174.23484802246094,15.289999961853027,177039835136.0,0.0
2017-08-14 16:26:50,18.37533950805664,85.92729949951172,15279.255859375,135.82716369628906,17.950000762939453,176900096000.0,0.0
2017-08-14 16:27:50,7.467548847198486,70.11431121826172,7030.60595703125,134.39999389648438,17.6299991607666,176926851072.0,0.0
2017-08-14 16:28:50,6.43301248550415,39.956878662109375,4514.302734375,124.62492370605469,10.8100004196167,176916430848.0,0.0
2017-08-14 16:29:50,10.631896018981934,86.87531280517578,5778.0,125.5999984741211,12.619999885559082,176981344256.0,0.0
2017-08-14 16:30:50,11.52457332611084,95.22164154052734,11486.4970703125,136.6273193359375,16.309999465942383,176962486272.0,0.0
2017-08-14 16:31:50,2.1822915077209473,95.039794921875,2275.60009765625,109.86815643310547,16.43000030517578,176957702144.0,0.0
2017-08-14 16:32:50,1.9211477041244507,33.916751861572266,1400.280029296875,138.6277313232422,9.109999656677246,177012834304.0,0.0
2017-08-14 16:33:50,5.918050289154053,43.92898178100586,2840.199951171875,126.5999984741211,9.260000228881836,176967352320.0,0.0
2017-08-14 16:34:50,5.154019355773926,95.54598999023438,5479.095703125,96.80000305175781,17.989999771118164,176989798400.0,0.0
2017-08-14 16:35:50,3.4439542293548584,41.99208068847656,3452.890625,89.41788482666016,17.989999771118164,177044094976.0,0.0
2017-08-14 16:36:50,12.551399230957031,59.043087005615234,8772.0,111.02220153808594,19.1299991607666,176990961664.0,0.0
2017-08-14 16:37:50,2.385725736618042,32.81210708618164,2476.60009765625,110.2220458984375,14.630000114440918,177006411776.0,0.0
2017-08-14 16:38:50,1.989675760269165,88.881103515625,1875.3751220703125,96.0,14.859999656677246,176967811072.0,0.0
2017-08-14 16:39:50,8.315361976623535,95.86524200439453,11218.0,103.4000015258789,24.030000686645508,177016143872.0,0.0
2017-08-14 16:40:50,10.432340621948242,95.86859893798828,10634.0,299.45989990234375,27.450000762939453,177026826240.0,0.0
2017-08-14 16:41:50,16.511137008666992,93.91404724121094,15334.7998046875,166.1999969482422,27.770000457763672,177011146752.0,0.0
2017-08-14 16:42:53,10.873600959777832,88.18806457519531,12132.626953125,132.0,28.110000610351562,176958308352.0,0.0
2017-08-14 16:43:53,8.724428176879883,87.69554901123047,8224.2001953125,102.4000015258789,18.8700008392334,177009197056.0,0.0
2017-08-14 16:44:53,6.079759120941162,89.36500549316406,7154.7998046875,137.0,16.989999771118164,177029120000.0,0.0
2017-08-14 16:45:53,10.374755859375,70.89750671386719,12823.599609375,131.39999389648438,18.969999313354492,177012572160.0,0.0
2017-08-14 16:46:53,5.063672065734863,52.73921203613281,3105.821044921875,141.62832641601562,17.610000610351562,177081942016.0,0.0
2017-08-14 16:47:53,5.449987411499023,97.2489013671875,4866.2001953125,165.0,17.799999237060547,177082957824.0,0.0
2017-08-14 16:48:53,6.5771002769470215,63.89181137084961,7015.31103515625,159.8000030517578,16.299999237060547,177124802560.0,0.0
2017-08-14 16:49:53,5.48261022567749,59.08088684082031,6019.2001953125,164.0,15.510000228881836,177131601920.0,0.0
2017-08-14 16:50:53,7.294223785400391,54.26581954956055,7808.0,126.0773696899414,10.6899995803833,177131094016.0,0.0
2017-08-14 16:51:53,7.985344409942627,52.353946685791016,7040.80810546875,199.63992309570312,16.540000915527344,177131028480.0,0.0
2017-08-14 16:52:53,3.5640883445739746,54.43196487426758,2792.751220703125,149.82997131347656,13.420000076293945,177060003840.0,0.0
2017-08-14 16:53:53,6.4951348304748535,70.24275207519531,4913.7861328125,90.72781372070312,13.850000381469727,177073160192.0,0.0
2017-08-14 16:54:53,10.685301780700684,70.04511260986328,7193.29736328125,122.97216033935547,13.770000457763672,177077862400.0,0.0
2017-08-14 16:55:53,16.603925704956055,75.37982940673828,12949.2578125,149.91993713378906,13.390000343322754,177098571776.0,0.0
2017-08-14 16:56:53,12.370099067687988,59.69175338745117,11192.091796875,139.86849975585938,16.18000030517578,177060806656.0,0.0
2017-08-14 16:57:53,18.75470733642578,88.70272064208984,15449.4697265625,176.8353729248047,19.229999542236328,177103601664.0,0.0
2017-08-14 16:58:53,20.195880889892578,63.57107162475586,16092.21875,175.8000030517578,20.329999923706055,177035051008.0,0.0
2017-08-14 16:59:53,8.020452499389648,86.48458862304688,7968.39990234375,158.63172912597656,15.430000305175781,178144083968.0,0.0
2017-08-14 17:00:53,7.269992351531982,96.99800109863281,10167.43359375,113.19999694824219,22.229999542236328,178309955584.0,0.0
2017-08-14 17:01:53,7.878240585327148,97.37276458740234,9396.7998046875,136.02720642089844,25.8799991607666,178203164672.0,0.0
2017-08-14 17:02:53,9.655587196350098,51.797080993652344,5791.158203125,154.83096313476562,24.040000915527344,178169937920.0,0.0
2017-08-14 17:03:53,11.87537670135498,60.376792907714844,7156.0,135.0,17.290000915527344,178101682176.0,0.0
2017-08-14 17:04:53,7.507899284362793,85.48750305175781,5871.57421875,138.60000610351562,20.309999465942383,178337808384.0,0.0
2017-08-14 17:05:53,5.239408493041992,43.59205627441406,5589.7998046875,138.8277587890625,21.239999771118164,178345050112.0,0.0
2017-08-14 17:06:53,5.7479329109191895,93.06668090820312,4568.7138671875,137.8275604248047,20.040000915527344,178460983296.0,0.0
2017-08-14 17:07:53,2.901092290878296,43.44163513183594,2416.88330078125,126.62532806396484,11.869999885559082,178468651008.0,0.0
2017-08-14 17:08:53,3.5497617721557617,65.40253448486328,3934.800048828125,126.42528533935547,13.539999961853027,178600722432.0,0.0
2017-08-14 17:09:53,10.270812034606934,91.95430755615234,9443.48828125,141.8000030517578,14.949999809265137,178574868480.0,0.0
2017-08-14 17:10:53,2.0593245029449463,64.46048736572266,2788.39990234375,96.01920318603516,15.510000228881836,178680397824.0,0.0
2017-08-14 17:11:53,3.859649181365967,43.37844467163086,2942.1884765625,115.19999694824219,13.279999732971191,178675957760.0,0.0
2017-08-14 17:12:56,6.843820571899414,59.04055404663086,4044.0,114.4000015258789,10.039999961853027,178677497856.0,0.0
2017-08-14 17:13:56,5.795938968658447,42.551910400390625,4585.71728515625,139.60000610351562,9.020000457763672,178700648448.0,0.0
2017-08-14 17:14:56,7.012179851531982,85.2638931274414,6233.39990234375,96.19999694824219,9.84000015258789,178667732992.0,0.0
2017-08-14 17:15:56,6.625871658325195,96.98804473876953,9988.998046875,148.1999969482422,17.31999969482422,178714509312.0,0.0
2017-08-14 17:16:56,3.3538877964019775,95.29576873779297,2345.0,127.19999694824219,17.93000030517578,178696486912.0,0.0
2017-08-14 17:17:56,4.064144134521484,41.48664093017578,2725.14501953125,126.0,14.489999771118164,178732007424.0,0.0
2017-08-14 17:18:56,5.9902753829956055,83.94888305664062,3453.090576171875,129.1999969482422,13.680000305175781,178662342656.0,0.0
2017-08-14 17:19:56,10.094273567199707,60.81142044067383,9731.74609375,124.4000015258789,14.609999656677246,178682626048.0,0.0
2017-08-14 17:20:56,9.419962882995605,75.50714111328125,8156.63134765625,154.0,13.170000076293945,178693586944.0,0.0
2017-08-14 17:21:56,14.510708808898926,95.96495819091797,9224.599609375,131.62632751464844,18.18000030517578,178594152448.0,0.0
2017-08-14 17:22:56,16.215808868408203,65.2093276977539,13400.7998046875,135.02700805664062,17.209999084472656,178632982528.0,0.0
2017-08-14 17:23:56,2.0356998443603516,31.167268753051758,1150.2301025390625,122.22444152832031,12.029999732971191,178651234304.0,0.0
2017-08-14 17:24:56,6.830833911895752,62.90322494506836,5576.39990234375,124.22484588623047,14.630000114440918,178651889664.0,0.0
2017-08-14 17:25:56,3.6847646236419678,40.96675491333008,4840.56787109375,136.2272491455078,14.579999923706055,178456461312.0,0.0
2017-08-14 17:26:56,11.521106719970703,50.858001708984375,14907.9814453125,133.0,14.720000267028809,178520440832.0,0.0
2017-08-14 17:27:56,14.980446815490723,47.83415222167969,9277.599609375,166.033203125,11.149999618530273,178542903296.0,0.0
2017-08-14 17:28:56,5.915380001068115,55.86569595336914,9139.2001953125,95.41908264160156,9.319999694824219,178631196672.0,0.0
2017-08-14 17:29:56,7.379185676574707,81.50653839111328,6161.0,131.0,14.850000381469727,178718490624.0,0.0
2017-08-14 17:30:56,4.093801498413086,74.82086181640625,3811.162353515625,210.60000610351562,15.829999923706055,178771853312.0,0.0
2017-08-14 17:31:56,16.21770668029785,58.07518768310547,10309.662109375,276.0,18.030000686645508,178652479488.0,0.0
2017-08-14 17:32:56,3.8116254806518555,84.30940246582031,5139.22802734375,133.62672424316406,15.930000305175781,178509774848.0,0.0
2017-08-14 17:33:56,13.237431526184082,65.3990707397461,7871.2001953125,154.60000610351562,15.619999885559082,178532122624.0,0.0
2017-08-14 17:34:56,7.323915481567383,96.39012908935547,7934.0,138.1999969482422,24.68000030517578,178531319808.0,0.0
2017-08-14 17:35:56,8.280701637268066,78.41102600097656,6672.2001953125,125.0250015258789,23.100000381469727,178550554624.0,0.0
2017-08-14 17:36:56,4.495339393615723,61.9995002746582,5784.7568359375,165.6331329345703,20.170000076293945,178585829376.0,0.0
2017-08-14 17:37:56,6.599849700927734,87.68467712402344,5907.9814453125,105.0,15.890000343322754,178614140928.0,0.0
2017-08-14 17:38:56,16.255464553833008,97.03337097167969,12629.5263671875,107.4214859008789,18.100000381469727,178580881408.0,0.0
2017-08-14 17:39:56,10.438926696777344,93.2752456665039,9922.7841796875,114.82296752929688,20.600000381469727,178614730752.0,0.0
2017-08-14 17:40:56,9.837052345275879,93.07272338867188,8529.10546875,121.80000305175781,24.030000686645508,178662408192.0,0.0
2017-08-14 17:41:56,8.962335586547852,70.44475555419922,8454.4912109375,109.5999984741211,21.799999237060547,178684952576.0,0.0
2017-08-14 17:42:59,3.6385505199432373,37.49811935424805,2825.800048828125,86.21724700927734,13.09000015258789,178641125376.0,0.0
2017-08-14 17:43:59,9.180755615234375,44.98545837402344,7103.220703125,122.0,11.149999618530273,178682494976.0,0.0
2017-08-14 17:44:59,8.035087585449219,94.46086120605469,7418.0,98.41968536376953,11.449999809265137,178710446080.0,0.0
2017-08-14 17:45:59,8.144954681396484,54.864418029785156,7128.0,91.01820373535156,13.579999923706055,178681577472.0,0.0
2017-08-14 17:46:59,13.652544021606445,56.94158935546875,9885.2001953125,161.8000030517578,14.539999961853027,178703548416.0,0.0
2017-08-14 17:47:59,12.744409561157227,89.13337707519531,14847.7998046875,137.22744750976562,11.039999961853027,178670993408.0,0.0
2017-08-14 17:48:59,3.8694801330566406,93.16337585449219,4756.39990234375,106.80000305175781,16.389999389648438,178639503360.0,0.0
2017-08-14 17:49:59,8.618700981140137,76.30918884277344,6961.79248046875,95.0,15.180000305175781,178602442752.0,0.0
2017-08-14 17:50:59,6.385324954986572,81.34515380859375,3916.60009765625,139.0,16.530000686645508,178690342912.0,0.0
2017-08-14 17:51:59,5.839013576507568,56.60103225708008,4054.199951171875,77.0154037475586,18.40999984741211,178731991040.0,0.0
2017-08-14 17:52:59,6.754860877990723,80.89768981933594,7843.56884765625,128.0,15.59000015258789,178621579264.0,0.0
2017-08-14 17:53:59,7.305821418762207,93.97203826904297,7618.923828125,148.8000030517578,14.119999885559082,178666307584.0,0.0
2017-08-14 17:54:59,8.375940322875977,75.70977783203125,7948.98974609375,95.19999694824219,14.319999694824219,178656346112.0,0.0
2017-08-14 17:55:59,14.035791397094727,74.53425598144531,10241.6484375,167.0,20.399999618530273,177046519808.0,0.0
2017-08-14 17:56:59,4.873401641845703,86.99855041503906,4713.54248046875,194.2388458251953,20.40999984741211,177059135488.0,0.0
2017-08-14 17:57:59,10.353649139404297,77.53129577636719,9467.09375,141.828369140625,21.920000076293945,177054629888.0,0.0
2017-08-14 17:58:59,6.852677345275879,46.41728973388672,4634.7998046875,104.22084045410156,13.210000038146973,177133486080.0,0.0
2017-08-14 17:59:59,7.601342678070068,84.97920989990234,7923.384765625,107.80000305175781,10.84000015258789,177145151488.0,0.0
2017-08-14 18:00:59,7.35463809967041,95.48186492919922,6648.32958984375,104.5999984741211,19.8700008392334,177163894784.0,0.0
2017-08-14 18:01:59,8.545637130737305,96.0160140991211,9158.431640625,95.4000015258789,25.18000030517578,177257496576.0,0.0
2017-08-14 18:02:59,8.306596755981445,98.01400756835938,7460.60009765625,139.6279296875,25.530000686645508,177339777024.0,0.0
2017-08-14 18:03:59,10.121376037597656,94.48117065429688,10062.2001953125,154.0308074951172,30.290000915527344,177411407872.0,0.0
2017-08-14 18:04:59,8.902151107788086,94.082275390625,11367.2001953125,126.5999984741211,31.239999771118164,177335894016.0,0.0
2017-08-14 18:05:59,14.770218849182129,77.13784790039062,13546.509765625,166.43328857421875,29.889999389648438,177370497024.0,0.0
2017-08-14 18:06:59,9.119150161743164,93.10604095458984,10016.2001953125,107.0,21.690000534057617,177252450304.0,0.0
2017-08-14 18:07:59,12.767024040222168,90.80142211914062,10438.6875,117.80000305175781,21.34000015258789,177250385920.0,0.0
2017-08-14 18:08:59,11.523417472839355,93.38951110839844,15388.0771484375,90.5999984741211,19.149999618530273,177222959104.0,0.0
2017-08-14 18:09:59,14.825581550598145,95.27838897705078,16099.0,84.81696319580078,22.950000762939453,177247289344.0,0.0
2017-08-14 18:10:59,17.049049377441406,93.86528015136719,12573.71484375,144.22885131835938,25.09000015258789,177278976000.0,0.0
2017-08-14 18:11:59,19.34852409362793,61.65948486328125,15861.2001953125,126.19999694824219,24.670000076293945,177290215424.0,0.0
2017-08-14 18:13:02,10.334453582763672,53.428916931152344,8480.49609375,104.19999694824219,19.989999771118164,177257791488.0,0.0
2017-08-14 18:14:02,12.456087112426758,94.12708282470703,10441.6884765625,110.5999984741211,14.510000228881836,177332076544.0,0.0
2017-08-14 18:15:02,17.057024002075195,81.22872161865234,12847.7998046875,142.8285675048828,15.3100004196167,177399889920.0,0.0
2017-08-14 18:16:02,12.377081871032715,73.50491333007812,12772.5546875,87.61752319335938,13.760000228881836,177392238592.0,0.0
2017-08-14 18:17:02,12.121820449829102,72.5988998413086,6140.60009765625,98.0,15.229999542236328,177398087680.0,0.0
2017-08-14 18:18:02,4.1064982414245605,64.08496856689453,4148.6298828125,90.61812591552734,13.59000015258789,177463590912.0,0.0
2017-08-14 18:19:02,6.912973880767822,52.30314254760742,5193.0,84.81696319580078,11.050000190734863,177488314368.0,0.0
2017-08-14 18:20:02,9.746803283691406,51.596893310546875,6490.0,109.6219253540039,8.15999984741211,177477877760.0,0.0
2017-08-14 18:21:02,3.679751396179199,49.82211685180664,2549.199951171875,107.0,9.90999984741211,177480335360.0,0.0
2017-08-14 18:22:02,8.841524124145508,68.53876495361328,5209.0419921875,115.19999694824219,7.46999979019165,177457709056.0,0.0
2017-08-14 18:23:02,6.558692455291748,45.424461364746094,7021.7998046875,115.24610137939453,6.010000228881836,177504845824.0,0.0
2017-08-14 18:24:02,7.245358943939209,89.19853973388672,11090.7998046875,132.0,12.640000343322754,177536335872.0,0.0
2017-08-14 18:25:02,11.71573257446289,91.927490234375,8971.0,82.61652374267578,18.219999313354492,177546084352.0,0.0
2017-08-14 18:26:02,7.786864757537842,80.5632095336914,11124.7998046875,70.5999984741211,20.31999969482422,177550999552.0,0.0
2017-08-14 18:27:02,3.499448537826538,49.05282211303711,5247.60009765625,84.81696319580078,17.790000915527344,177643421696.0,0.0
2017-08-14 18:28:02,14.891053199768066,86.82823944091797,16859.28515625,134.3194122314453,15.210000038146973,177644486656.0,0.0
2017-08-14 18:29:02,14.761425971984863,97.15300750732422,16661.9296875,117.5999984741211,23.670000076293945,177609326592.0,0.0
2017-08-14 18:30:02,9.987959861755371,96.45592498779297,10778.599609375,94.81896209716797,24.350000381469727,177664081920.0,0.0
2017-08-14 18:31:02,6.531983375549316,96.5206527709961,7062.0,102.02040100097656,22.139999389648438,177657249792.0,0.0
2017-08-14 18:32:02,7.19081974029541,66.12725830078125,5110.7998046875,114.66240692138672,18.68000030517578,177696653312.0,0.0
2017-08-14 18:33:02,6.385324954986572,31.030162811279297,4973.19482421875,81.80000305175781,16.56999969482422,177601331200.0,0.0
2017-08-14 18:34:02,12.184958457946777,77.19148254394531,13014.4033203125,113.0,14.029999732971191,177648828416.0,0.0
2017-08-14 18:35:02,13.750062942504883,91.27711486816406,12545.0,136.1999969482422,16.989999771118164,177730060288.0,0.0
2017-08-14 18:36:02,18.38648223876953,65.68391418457031,14924.599609375,249.44989013671875,17.84000015258789,177651351552.0,0.0
2017-08-14 18:37:02,10.537397384643555,59.77737808227539,10720.0,144.22885131835938,15.210000038146973,177486266368.0,0.0
2017-08-14 18:38:02,6.124699115753174,44.18989562988281,4029.805908203125,133.0,13.350000381469727,177540218880.0,0.0
2017-08-14 18:39:02,7.553127288818359,32.279083251953125,6395.47900390625,116.37672424316406,8.829999923706055,177546346496.0,0.0
2017-08-14 18:40:02,8.547950744628906,93.14835357666016,11471.400390625,102.19999694824219,17.40999984741211,177648959488.0,0.0
2017-08-14 18:41:02,8.781344413757324,95.83208465576172,10011.6025390625,65.61312103271484,26.6200008392334,177661706240.0,0.0
2017-08-14 18:42:02,17.935218811035156,89.2901840209961,15623.9248046875,112.5999984741211,29.579999923706055,177629446144.0,0.0
2017-08-14 18:43:05,13.458646774291992,66.90737915039062,11664.533203125,117.22344207763672,28.3700008392334,177602887680.0,0.0
2017-08-14 18:44:05,8.178308486938477,62.51627731323242,4173.60009765625,119.42388153076172,17.860000610351562,177659838464.0,0.0
2017-08-14 18:45:05,12.326501846313477,97.40650177001953,12450.2900390625,115.0,22.31999969482422,177670062080.0,0.0
2017-08-14 18:46:05,7.442116737365723,89.5743637084961,9076.8154296875,121.2242431640625,25.09000015258789,177693900800.0,0.0
2017-08-14 18:47:05,4.765009880065918,95.32438659667969,9625.9248046875,114.80000305175781,27.790000915527344,177683660800.0,0.0
2017-08-14 18:48:05,12.478692054748535,94.74474334716797,14774.1552734375,82.80000305175781,27.950000762939453,177708138496.0,0.0
2017-08-14 18:49:05,7.858073711395264,96.4959716796875,9614.0,119.22384643554688,27.469999313354492,177694785536.0,0.0
2017-08-14 18:50:05,11.251378059387207,91.55274963378906,12137.7998046875,218.24365234375,28.959999084472656,177711661056.0,0.0
2017-08-14 18:51:05,4.735682964324951,94.10086822509766,5759.9521484375,138.39999389648438,27.489999771118164,177482399744.0,0.0
2017-08-14 18:52:05,2.3302431106567383,32.83731460571289,2138.627685546875,123.0,23.25,177462312960.0,0.0
2017-08-14 18:53:05,6.900180339813232,55.934242248535156,3260.652099609375,91.19999694824219,13.119999885559082,177487953920.0,0.0
2017-08-14 18:54:05,4.6943888664245605,47.15080261230469,3580.115966796875,129.0,7.53000020980835,177473617920.0,0.0
2017-08-14 18:55:05,7.020444869995117,60.837093353271484,10756.3515625,106.19999694824219,13.739999771118164,177496408064.0,0.0
2017-08-14 18:56:05,5.947787761688232,57.820640563964844,3770.154052734375,94.61892700195312,10.25,177527603200.0,0.0
2017-08-14 18:57:05,7.47114896774292,93.35536193847656,10306.26171875,113.0226058959961,13.170000076293945,177518133248.0,0.0
2017-08-14 18:58:05,3.693124771118164,97.26349639892578,2923.584716796875,102.82056427001953,14.3100004196167,177537744896.0,0.0
2017-08-14 18:59:05,12.667503356933594,48.07528305053711,8851.400390625,110.0,11.239999771118164,177532682240.0,0.0
2017-08-14 19:00:05,11.594202995300293,82.23101043701172,7962.0,115.82316589355469,13.529999732971191,177591123968.0,0.0
2017-08-14 19:01:05,13.568670272827148,55.969512939453125,5307.26123046875,115.80000305175781,11.0600004196167,177646321664.0,0.0
2017-08-14 19:02:05,14.780646324157715,47.77092361450195,7306.2001953125,173.0,10.90999984741211,177602002944.0,0.0
2017-08-14 19:03:05,9.004762649536133,38.54600143432617,6570.9140625,116.0,7.769999980926514,177657610240.0,0.0
2017-08-14 19:04:05,7.148228168487549,34.702877044677734,4278.65576171875,138.60000610351562,7.0,177642553344.0,0.0
2017-08-14 19:05:05,8.494866371154785,86.38617706298828,7349.8701171875,190.60000610351562,14.420000076293945,177392615424.0,0.0
2017-08-14 19:06:05,9.48440170288086,78.56535339355469,7432.28662109375,108.6217269897461,13.960000038146973,177368465408.0,0.0
2017-08-14 19:07:05,4.770017147064209,47.290592193603516,4548.3095703125,119.0,13.579999923706055,177443651584.0,0.0
2017-08-14 19:08:05,15.398115158081055,77.03826141357422,15786.95703125,295.05902099609375,15.789999961853027,177495752704.0,0.0
2017-08-14 19:09:05,4.512861728668213,33.9362678527832,4900.7802734375,185.23704528808594,10.670000076293945,177424859136.0,0.0
2017-08-14 19:10:05,11.221932411193848,51.56649398803711,10604.9208984375,98.19999694824219,16.979999542236328,177450188800.0,0.0
2017-08-14 19:11:05,19.879518508911133,65.6375503540039,13558.599609375,82.81656646728516,15.420000076293945,177460658176.0,0.0
2017-08-14 19:12:05,17.99156951904297,72.83454895019531,16013.6025390625,100.80000305175781,16.770000457763672,177435918336.0,0.0
2017-08-14 19:13:07,24.43495750427246,75.54014587402344,18555.912109375,125.5999984741211,22.309999465942383,177521852416.0,0.0
2017-08-14 19:14:07,21.912790298461914,66.793701171875,16077.400390625,133.60000610351562,19.700000762939453,177532239872.0,0.0
2017-08-14 19:15:07,15.875564575195312,82.64995574951172,7648.60009765625,109.02180480957031,18.950000762939453,177535090688.0,0.0
2017-08-14 19:16:07,18.139862060546875,93.91374206542969,11622.400390625,95.19999694824219,20.360000610351562,177563336704.0,0.0
2017-08-14 19:17:07,14.365222930908203,94.70072937011719,16269.0,113.80000305175781,22.110000610351562,177558847488.0,0.0
2017-08-14 19:18:07,3.862165927886963,77.47233581542969,3737.947509765625,105.2210464477539,22.030000686645508,177530765312.0,0.0
2017-08-14 19:19:07,16.398696899414062,63.72293472290039,9793.7587890625,122.62452697753906,13.3100004196167,177509335040.0,0.0
2017-08-14 19:20:07,8.198446273803711,83.18553161621094,7011.39990234375,87.80000305175781,14.460000038146973,177324621824.0,0.0
2017-08-14 19:21:07,5.325977802276611,84.28807830810547,6648.2001953125,86.21724700927734,15.3100004196167,177330634752.0,0.0
2017-08-14 19:22:07,10.592072486877441,58.323307037353516,7383.0,100.5999984741211,12.050000190734863,177351524352.0,0.0
2017-08-14 19:23:07,3.1190452575683594,29.128015518188477,1787.5574951171875,101.0,9.449999809265137,177324703744.0,0.0
2017-08-14 19:24:07,10.192520141601562,53.90938186645508,6985.2001953125,101.22024536132812,9.550000190734863,177354162176.0,0.0
2017-08-14 19:25:07,8.9290189743042,77.87459564208984,8140.7998046875,87.19999694824219,12.9399995803833,177446715392.0,0.0
2017-08-14 19:26:07,9.64036750793457,56.91020202636719,4079.199951171875,82.19999694824219,13.579999923706055,177460215808.0,0.0
2017-08-14 19:27:07,15.201685905456543,60.22476577758789,12978.2001953125,82.4000015258789,13.520000457763672,177471373312.0,0.0
2017-08-14 19:28:07,3.4800922870635986,65.49994659423828,4174.2001953125,90.0,8.270000457763672,177529241600.0,0.0
2017-08-14 19:29:07,3.623152017593384,35.494384765625,3050.81005859375,112.5999984741211,5.340000152587891,177572200448.0,0.0
2017-08-14 19:30:07,4.648480415344238,83.94770812988281,4695.5390625,86.0,10.8100004196167,177534418944.0,0.0
2017-08-14 19:31:07,11.07547378540039,53.62318801879883,8471.494140625,106.62132263183594,12.5600004196167,177557979136.0,0.0
2017-08-14 19:32:07,8.195899963378906,55.64690017700195,6802.0,105.2210464477539,10.609999656677246,177433100288.0,0.0
2017-08-14 19:33:07,4.576441287994385,21.84149932861328,3429.800048828125,85.5999984741211,9.550000190734863,177433575424.0,0.0
2017-08-14 19:34:07,4.601964950561523,28.944995880126953,3689.39990234375,99.0,6.829999923706055,177430872064.0,0.0
2017-08-14 19:35:07,7.532219886779785,70.50215148925781,8404.880859375,108.0216064453125,11.529999732971191,177463279616.0,0.0
2017-08-14 19:36:07,14.067907333374023,56.58164978027344,8427.400390625,126.02520751953125,12.960000038146973,177425498112.0,0.0
2017-08-14 19:37:07,9.418365478515625,38.66539764404297,8277.6552734375,104.4000015258789,11.180000305175781,177492721664.0,0.0
2017-08-14 19:38:07,4.069155693054199,28.9443359375,1841.3682861328125,159.431884765625,7.21999979019165,177458544640.0,0.0
2017-08-14 19:39:07,6.391618251800537,33.24142837524414,5219.84375,104.19999694824219,3.5299999713897705,177286250496.0,0.0
2017-08-14 19:40:07,5.383188724517822,50.67347717285156,3513.1025390625,167.8000030517578,10.949999809265137,177349459968.0,0.0
2017-08-14 19:41:07,14.556486129760742,52.96476364135742,8231.0458984375,267.85357666015625,12.40999984741211,177320853504.0,0.0
2017-08-14 19:42:07,9.619529724121094,50.76445007324219,4465.89306640625,109.0,11.800000190734863,177284038656.0,0.0
2017-08-14 19:43:10,13.346034049987793,68.57901763916016,10088.41796875,111.80000305175781,13.460000038146973,177316954112.0,0.0
2017-08-14 19:44:10,9.13743782043457,45.6219596862793,6436.39990234375,117.22344207763672,15.130000114440918,177320099840.0,0.0
2017-08-14 19:45:10,15.503836631774902,76.01102447509766,11185.0,114.80000305175781,20.270000457763672,177326211072.0,0.0
2017-08-14 19:46:10,13.283132553100586,83.62406158447266,11475.599609375,110.0,20.43000030517578,177328226304.0,0.0
2017-08-14 19:47:10,14.987468719482422,53.89125442504883,8563.7998046875,144.4288787841797,18.979999542236328,177388863488.0,0.0
2017-08-14 19:48:10,3.5529942512512207,38.288490295410156,4101.8203125,106.02120208740234,14.949999809265137,177132503040.0,0.0
2017-08-14 19:49:10,13.415489196777344,44.53461456298828,8672.7998046875,93.4000015258789,13.4399995803833,177204740096.0,0.0
2017-08-14 19:50:10,8.82397174835205,60.943603515625,9379.400390625,116.4000015258789,15.470000267028809,177215275008.0,0.0
2017-08-14 19:51:10,5.483983993530273,79.19338989257812,4258.83740234375,101.02020263671875,14.920000076293945,177230151680.0,0.0
2017-08-14 19:52:10,9.366695404052734,46.402244567871094,8074.0146484375,109.6219253540039,14.260000228881836,177241980928.0,0.0
2017-08-14 19:53:10,2.9119887351989746,66.22752380371094,3496.69921875,111.4000015258789,15.600000381469727,177331290112.0,0.0
2017-08-14 19:54:10,6.873558521270752,66.86553955078125,4161.83251953125,79.19999694824219,14.0,177346854912.0,0.0
2017-08-14 19:55:10,9.492782592773438,68.7421646118164,7620.60009765625,100.62012481689453,17.059999465942383,177395662848.0,0.0
2017-08-14 19:56:10,12.457980155944824,78.01663970947266,12544.9091796875,121.02420806884766,16.81999969482422,177359716352.0,0.0
2017-08-14 19:57:10,17.991863250732422,61.2788200378418,12428.685546875,100.4000015258789,13.630000114440918,177382440960.0,0.0
2017-08-14 19:58:10,21.181671142578125,72.7743148803711,17082.19921875,104.82096099853516,20.3700008392334,177453629440.0,0.0
2017-08-14 19:59:10,11.370935440063477,42.463279724121094,10305.2001953125,97.4000015258789,19.6299991607666,177542725632.0,0.0
2017-08-14 20:00:10,8.14128303527832,84.57145690917969,7415.0830078125,154.60000610351562,16.6200008392334,177462837248.0,0.0
2017-08-14 20:01:10,13.770623207092285,86.93582916259766,7333.0,98.19999694824219,18.75,177340825600.0,0.0
2017-08-14 20:02:10,10.542425155639648,66.02394104003906,14889.7998046875,80.61612701416016,15.449999809265137,177389076480.0,0.0
2017-08-14 20:03:10,8.48162841796875,71.92947387695312,5223.60009765625,101.02020263671875,11.90999984741211,177382031360.0,0.0
2017-08-14 20:04:10,8.07640266418457,43.14512252807617,4185.39990234375,89.5999984741211,12.319999694824219,177389338624.0,0.0
2017-08-14 20:05:10,8.20140266418457,92.3670654296875,11442.599609375,115.62312316894531,14.84000015258789,177366614016.0,0.0
2017-08-14 20:06:10,4.049110412597656,90.82353210449219,8551.1103515625,97.21944427490234,19.93000030517578,177335762944.0,0.0
2017-08-14 20:07:10,5.986673831939697,61.77737808227539,3695.39990234375,101.02020263671875,15.170000076293945,177344086016.0,0.0
2017-08-14 20:08:10,8.38884162902832,96.8978271484375,10160.83203125,114.5999984741211,17.969999313354492,177333993472.0,0.0
2017-08-14 20:09:10,12.89853572845459,81.92928314208984,10871.599609375,103.5999984741211,16.770000457763672,177246191616.0,0.0
2017-08-14 20:10:10,9.957860946655273,73.27616119384766,9667.93359375,89.41788482666016,19.40999984741211,177250516992.0,0.0
2017-08-14 20:11:10,15.319788932800293,75.87660217285156,13299.66015625,123.80000305175781,19.200000762939453,177297883136.0,0.0
2017-08-14 20:12:10,19.403059005737305,68.1533432006836,16420.484375,85.19999694824219,16.649999618530273,177379098624.0,0.0
2017-08-14 20:13:13,19.276323318481445,80.37590026855469,16727.0,193.2386474609375,18.809999465942383,177501929472.0,0.0
2017-08-14 20:14:13,16.410051345825195,87.71095275878906,11443.6884765625,98.61972045898438,13.899999618530273,177388109824.0,0.0
2017-08-14 20:15:13,16.71683692932129,92.19680786132812,14222.0,153.63072204589844,23.190000534057617,177299062784.0,0.0
2017-08-14 20:16:13,16.197254180908203,90.80218505859375,13236.84765625,142.62852478027344,25.739999771118164,177288986624.0,0.0
2017-08-14 20:17:13,8.645503997802734,42.62163543701172,6475.39990234375,114.82296752929688,18.540000915527344,177337892864.0,0.0
2017-08-14 20:18:13,6.003611087799072,24.500225067138672,5488.2978515625,99.80000305175781,9.119999885559082,177311678464.0,0.0
2017-08-14 20:19:13,6.434625625610352,41.83258819580078,4640.328125,98.5999984741211,7.25,177379229696.0,0.0
2017-08-14 20:20:13,9.576814651489258,56.591400146484375,9263.599609375,150.8000030517578,14.329999923706055,177359192064.0,0.0
2017-08-14 20:21:13,3.647477388381958,67.18742370605469,3570.9140625,97.21944427490234,14.4399995803833,177329553408.0,0.0
2017-08-14 20:22:13,6.904164791107178,90.36627960205078,9261.599609375,95.80000305175781,13.329999923706055,177316397056.0,0.0
2017-08-14 20:23:13,5.203007698059082,30.962406158447266,3081.81640625,105.5999984741211,9.649999618530273,177336827904.0,0.0
2017-08-14 20:24:13,1.5185686349868774,34.01824188232422,1102.220458984375,129.1999969482422,7.110000133514404,177388552192.0,0.0
2017-08-14 20:25:13,7.032228946685791,62.349639892578125,6454.0908203125,105.42108154296875,15.539999961853027,177395793920.0,0.0
2017-08-14 20:26:13,11.144003868103027,79.91971588134766,8865.1728515625,110.8221664428711,13.220000267028809,177426382848.0,0.0
2017-08-14 20:27:13,15.650080680847168,59.78031921386719,7741.2001953125,94.01880645751953,12.899999618530273,177420861440.0,0.0
2017-08-14 20:28:13,12.303218841552734,41.177059173583984,5499.60009765625,114.5999984741211,13.119999885559082,177419288576.0,0.0
2017-08-14 20:29:13,9.575587272644043,43.985755920410156,6017.2001953125,145.82916259765625,9.630000114440918,177478549504.0,0.0
2017-08-14 20:30:13,10.167962074279785,64.3097152709961,7768.15380859375,86.19999694824219,12.630000114440918,177500962816.0,0.0
2017-08-14 20:31:13,12.553874015808105,88.24797058105469,9577.3154296875,107.62152099609375,13.960000038146973,177493770240.0,0.0
2017-08-14 20:32:13,5.825437545776367,50.34589767456055,6915.18310546875,75.4000015258789,10.710000038146973,177481875456.0,0.0
2017-08-14 20:33:13,12.460480690002441,82.6265869140625,13768.7998046875,144.62892150878906,10.399999618530273,177547706368.0,0.0
2017-08-14 20:34:13,9.711220741271973,55.85301208496094,11815.962890625,144.4288787841797,12.899999618530273,177429037056.0,0.0
2017-08-14 20:35:13,19.577436447143555,87.13719940185547,15130.42578125,101.82036590576172,21.329999923706055,177468899328.0,0.0
2017-08-14 20:36:13,14.752618789672852,62.19169998168945,8387.677734375,114.0228042602539,19.6200008392334,177479237632.0,0.0
2017-08-14 20:37:13,12.236202239990234,45.117000579833984,10164.033203125,220.0,19.1299991607666,177365565440.0,0.0
2017-08-14 20:38:13,9.466032028198242,83.28739929199219,7432.2001953125,114.5999984741211,20.239999771118164,177340383232.0,0.0
2017-08-14 20:39:13,11.005311965942383,78.93207550048828,12980.599609375,117.19999694824219,17.469999313354492,177439670272.0,0.0
2017-08-14 20:40:13,20.551654815673828,95.81455993652344,15875.375,85.217041015625,17.90999984741211,177387569152.0,0.0
2017-08-14 20:41:13,14.189630508422852,85.1829605102539,13315.462890625,109.0,22.059999465942383,177414504448.0,0.0
2017-08-14 20:42:13,19.834503173828125,93.17498779296875,12854.2001953125,121.80000305175781,23.280000686645508,177483825152.0,0.0
2017-08-14 20:43:19,20.640336990356445,65.79264068603516,12623.400390625,166.43328857421875,22.299999237060547,177490067456.0,0.0
2017-08-14 20:44:19,14.143136978149414,74.82321166992188,14825.765625,110.2220458984375,18.049999237060547,177445912576.0,0.0
2017-08-14 20:45:19,9.006568908691406,96.96105194091797,10259.7998046875,167.0334014892578,20.559999465942383,177506648064.0,0.0
2017-08-14 20:46:19,18.515361785888672,97.83751678466797,10704.599609375,283.25665283203125,27.760000228881836,177459740672.0,0.0
2017-08-14 20:47:19,10.879374504089355,40.328887939453125,8452.400390625,92.80000305175781,19.989999771118164,177490755584.0,0.0
2017-08-14 20:48:19,8.873515129089355,92.64971160888672,12095.0185546875,94.61892700195312,16.549999237060547,177530109952.0,0.0
2017-08-14 20:49:19,11.572982788085938,59.13623046875,10570.314453125,100.8201675415039,14.520000457763672,177554849792.0,0.0
2017-08-14 20:50:19,11.147327423095703,95.79228210449219,11064.7998046875,97.5999984741211,15.850000381469727,177567776768.0,0.0
2017-08-14 20:51:19,9.520942687988281,89.4599838256836,6307.0,88.19999694824219,18.43000030517578,177554587648.0,0.0
2017-08-14 20:52:19,13.42258358001709,93.80380249023438,13516.3037109375,129.0,20.719999313354492,177548984320.0,0.0
2017-08-14 20:53:19,5.547474384307861,63.61360168457031,5840.0,119.82396697998047,15.869999885559082,177637933056.0,0.0
2017-08-14 20:54:19,6.681704044342041,87.73833465576172,6244.44873046875,129.60000610351562,11.850000381469727,177623597056.0,0.0
2017-08-14 20:55:19,8.445878028869629,87.7972183227539,10399.0,90.80000305175781,18.299999237060547,177677500416.0,0.0
2017-08-14 20:56:19,5.13077974319458,93.91382598876953,4562.1123046875,132.60000610351562,13.279999732971191,177702043648.0,0.0
2017-08-14 20:57:19,11.48040771484375,84.1175308227539,9554.310546875,109.4000015258789,11.880000114440918,177691770880.0,0.0
2017-08-14 20:58:19,6.484265327453613,39.88972473144531,5413.6826171875,243.6487274169922,10.270000457763672,177693917184.0,0.0
2017-08-14 20:59:19,5.738035202026367,44.6610221862793,5627.92578125,111.62232208251953,13.4399995803833,177561681920.0,0.0
2017-08-14 21:00:19,5.327827453613281,97.28565979003906,8039.40771484375,120.4000015258789,19.530000686645508,177605083136.0,0.0
2017-08-14 21:01:19,8.919881820678711,89.9909896850586,7572.2001953125,93.21864318847656,21.34000015258789,177676959744.0,0.0
2017-08-14 21:02:19,8.294053077697754,53.01011657714844,6457.49169921875,141.22824096679688,18.06999969482422,177688264704.0,0.0
2017-08-14 21:03:19,13.367080688476562,65.28606414794922,7606.72119140625,109.4000015258789,11.90999984741211,177601413120.0,0.0
2017-08-14 21:04:19,6.319218158721924,52.53956985473633,4053.210693359375,118.4000015258789,10.380000114440918,177639292928.0,0.0
2017-08-14 21:05:19,10.295371055603027,70.92713928222656,8009.0,90.41808319091797,14.029999732971191,177596956672.0,0.0
2017-08-14 21:06:19,5.5082197189331055,45.12799835205078,3458.291748046875,104.22084045410156,10.829999923706055,177642340352.0,0.0
2017-08-14 21:07:19,4.647082328796387,28.983619689941406,2506.60009765625,93.19999694824219,6.159999847412109,177606475776.0,0.0
2017-08-14 21:08:19,5.007267951965332,31.92481231689453,4728.94580078125,99.0,6.75,177561174016.0,0.0
2017-08-14 21:09:19,8.705894470214844,39.03209686279297,4443.888671875,106.4212875366211,3.8499999046325684,177622843392.0,0.0
2017-08-14 21:10:19,7.423208236694336,69.84007263183594,9866.0,108.5999984741211,10.100000381469727,177630085120.0,0.0
2017-08-14 21:11:19,5.596229076385498,58.741294860839844,5415.68310546875,109.0,9.739999771118164,177672568832.0,0.0
2017-08-14 21:12:19,11.500075340270996,84.38581848144531,8391.599609375,123.02460479736328,16.110000610351562,177634263040.0,0.0
2017-08-14 21:13:22,11.607858657836914,50.952571868896484,9169.7998046875,99.4000015258789,18.729999542236328,177559830528.0,0.0
2017-08-14 21:14:22,12.137771606445312,62.288177490234375,8102.0,103.0,15.479999542236328,177559306240.0,0.0
2017-08-14 21:15:22,10.277095794677734,92.56827545166016,8497.69921875,89.81796264648438,16.3799991607666,177585045504.0,0.0
2017-08-14 21:16:22,3.7020316123962402,33.507015228271484,2899.3798828125,108.5999984741211,12.789999961853027,177614323712.0,0.0
2017-08-14 21:17:22,4.1848344802856445,43.321807861328125,2674.0,122.02440643310547,14.3100004196167,177696735232.0,0.0
2017-08-14 21:18:22,5.409877300262451,59.3106575012207,2569.11376953125,174.1999969482422,9.420000076293945,177439506432.0,0.0
2017-08-14 21:19:22,7.386962413787842,49.19456100463867,5035.7998046875,151.0,7.989999771118164,177326915584.0,0.0
2017-08-14 21:20:22,8.838865280151367,80.5781021118164,7317.66357421875,113.4000015258789,15.770000457763672,177330896896.0,0.0
2017-08-14 21:21:22,4.815835475921631,47.90392303466797,4858.77197265625,151.39999389648438,13.079999923706055,177401577472.0,0.0
2017-08-14 21:22:22,5.994591236114502,44.49679183959961,4626.7998046875,92.4000015258789,9.670000076293945,177396809728.0,0.0
2017-08-14 21:23:22,5.236495018005371,31.588972091674805,6152.4306640625,108.0216064453125,6.730000019073486,177438736384.0,0.0
2017-08-14 21:24:22,6.200501441955566,86.51100158691406,7950.18994140625,106.02120208740234,12.0,177466654720.0,0.0
2017-08-14 21:25:22,5.932798385620117,85.04256439208984,4194.23876953125,84.81696319580078,18.1299991607666,177526063104.0,0.0
2017-08-14 21:26:22,10.959453582763672,62.11862564086914,7855.2001953125,119.6239242553711,17.31999969482422,177500438528.0,0.0
2017-08-14 21:27:22,21.0122013092041,90.86116027832031,15059.2119140625,84.0,24.639999389648438,177502191616.0,0.0
2017-08-14 21:28:22,20.325040817260742,74.1645278930664,17706.0,99.19999694824219,23.889999389648438,177508237312.0,0.0
2017-08-14 21:29:22,21.290355682373047,62.31120300292969,14265.6533203125,93.21864318847656,21.950000762939453,177512284160.0,0.0
2017-08-14 21:30:22,5.124993801116943,94.69465637207031,7829.9658203125,97.81956481933594,22.829999923706055,177552637952.0,0.0
2017-08-14 21:31:22,5.848451614379883,48.38402557373047,4313.39990234375,83.5999984741211,21.350000381469727,177559535616.0,0.0
2017-08-14 21:32:22,6.884275913238525,50.62155532836914,6043.39990234375,103.22064208984375,12.239999771118164,177574379520.0,0.0
2017-08-14 21:33:22,12.729369163513184,45.84377670288086,8207.400390625,102.80000305175781,8.109999656677246,177514348544.0,0.0
2017-08-14 21:34:22,15.40044116973877,65.41047668457031,8973.5947265625,84.01679992675781,15.460000038146973,177543331840.0,0.0
2017-08-14 21:35:22,7.472042560577393,73.2111587524414,8641.400390625,127.02540588378906,22.020000457763672,177573494784.0,0.0
2017-08-14 21:36:22,2.76259708404541,74.25464630126953,2845.76904296875,102.02040100097656,20.260000228881836,177617043456.0,0.0
2017-08-14 21:37:22,13.296566009521484,44.33082580566406,9040.408203125,97.41948699951172,15.050000190734863,177649549312.0,0.0
2017-08-14 21:38:22,18.02375030517578,57.919525146484375,13899.7802734375,106.19999694824219,16.479999542236328,177674452992.0,0.0
2017-08-14 21:39:22,18.618408203125,73.25313568115234,16428.486328125,137.427490234375,13.699999809265137,177738973184.0,0.0
2017-08-14 21:40:22,7.593985080718994,57.73180389404297,6646.7998046875,108.0,20.850000381469727,177675157504.0,0.0
2017-08-14 21:41:22,7.767087459564209,55.86009979248047,3393.199951171875,120.5999984741211,19.239999771118164,177659019264.0,0.0
2017-08-14 21:42:22,11.229759216308594,70.70287322998047,7174.634765625,112.5999984741211,12.640000343322754,177699618816.0,0.0
2017-08-14 21:43:26,5.992377758026123,79.93891906738281,7744.94921875,97.19999694824219,11.0600004196167,177695096832.0,0.0
2017-08-14 21:44:26,5.762966632843018,55.724388122558594,4355.87109375,193.83876037597656,9.270000457763672,177668390912.0,0.0
2017-08-14 21:45:26,6.553349494934082,80.15924835205078,5082.61669921875,130.1999969482422,15.600000381469727,177265164288.0,0.0
2017-08-14 21:46:26,5.263949394226074,56.2941780090332,3545.0,86.61732482910156,14.670000076293945,177337663488.0,0.0
2017-08-14 21:47:26,7.6260576248168945,76.64112854003906,6114.02294921875,88.4000015258789,13.050000190734863,177349525504.0,0.0
2017-08-14 21:48:26,12.442326545715332,40.384037017822266,6273.2548828125,77.21544647216797,14.15999984741211,177407770624.0,0.0
2017-08-14 21:49:26,13.5636568069458,45.586246490478516,9577.115234375,102.5999984741211,14.149999618530273,177462411264.0,0.0
2017-08-14 21:50:26,5.05364465713501,72.03147888183594,4313.39990234375,127.4000015258789,12.100000381469727,177558896640.0,0.0
2017-08-14 21:51:26,3.9280524253845215,89.67486572265625,2117.800048828125,197.39999389648438,14.770000457763672,177550983168.0,0.0
2017-08-14 21:52:26,4.241026878356934,49.969932556152344,4181.39990234375,119.0238037109375,12.670000076293945,177463410688.0,0.0
2017-08-14 21:53:26,7.333701133728027,40.23051834106445,6785.35693359375,117.4000015258789,12.0,177493557248.0,0.0
2017-08-14 21:54:26,9.978438377380371,64.9651870727539,4219.64404296875,102.22044372558594,8.84000015258789,177527750656.0,0.0
2017-08-14 21:55:26,4.086647033691406,86.30740356445312,8991.599609375,93.4000015258789,16.0,177549000704.0,0.0
2017-08-14 21:56:26,4.300050258636475,74.76668548583984,5854.0,135.60000610351562,17.850000381469727,177480892416.0,0.0
2017-08-14 21:57:26,5.287448406219482,35.92121124267578,4828.765625,82.19999694824219,10.550000190734863,177521000448.0,0.0
2017-08-14 21:58:26,2.280930519104004,24.838369369506836,1888.5777587890625,153.1999969482422,8.829999923706055,177535533056.0,0.0
2017-08-14 21:59:26,5.453360557556152,95.32032012939453,5248.44970703125,175.83517456054688,19.59000015258789,181628010496.0,0.0
2017-08-14 22:00:26,6.095783710479736,97.97838592529297,17908.400390625,896.2000122070312,32.2599983215332,192047382528.0,0.0
2017-08-14 22:01:26,2.030176877975464,42.98676681518555,2963.60009765625,1145.5999755859375,27.59000015258789,191275532288.0,0.0
2017-08-14 22:02:26,2.913010835647583,70.95014190673828,5995.7998046875,1145.4000244140625,17.860000610351562,190711644160.0,0.0
2017-08-14 22:03:26,2.938668966293335,38.49047088623047,2064.0,1216.8433837890625,11.4399995803833,190733008896.0,0.0
2017-08-14 22:04:26,10.538454055786133,65.56546783447266,10159.431640625,743.4000244140625,8.819999694824219,179694370816.0,0.0
2017-08-14 22:05:26,4.896402835845947,60.283721923828125,6633.9267578125,110.8221664428711,11.5600004196167,179729383424.0,0.0
2017-08-14 22:06:26,2.951641082763672,67.6722640991211,6187.2373046875,104.42088317871094,8.699999809265137,179684999168.0,0.0
2017-08-14 22:07:26,3.9544906616210938,37.710506439208984,5831.0,107.5999984741211,6.610000133514404,179754401792.0,0.0
2017-08-14 22:08:26,7.7755513191223145,69.47895812988281,6097.60009765625,128.625732421875,8.279999732971191,179736002560.0,0.0
2017-08-14 22:09:26,7.863985061645508,92.23130798339844,12327.4658203125,97.01940155029297,10.75,179757187072.0,0.0
2017-08-14 22:10:26,10.768536567687988,91.24248504638672,7011.2001953125,116.4000015258789,16.059999465942383,179765313536.0,0.0
2017-08-14 22:11:26,6.393220901489258,83.733642578125,7839.0,114.4000015258789,14.539999961853027,179780124672.0,0.0
2017-08-14 22:12:26,21.761371612548828,75.57386016845703,17386.0,127.02540588378906,20.1200008392334,179793903616.0,0.0
2017-08-14 22:13:29,22.825977325439453,73.08736419677734,17006.599609375,116.19999694824219,25.09000015258789,179786301440.0,0.0
2017-08-14 22:14:29,18.19915771484375,44.970890045166016,12081.400390625,131.0,21.610000610351562,179813056512.0,0.0
2017-08-14 22:15:29,12.599649429321289,88.40702819824219,11216.6435546875,132.39999389648438,13.90999984741211,179795296256.0,0.0
2017-08-14 22:16:29,6.564364910125732,46.36919021606445,2926.38525390625,109.02180480957031,10.829999923706055,179802996736.0,0.0
2017-08-14 22:17:29,5.5330023765563965,43.82799530029297,6378.27587890625,101.42028045654297,7.599999904632568,179804864512.0,0.0
2017-08-14 22:18:29,15.62985610961914,38.07208251953125,10030.005859375,113.62272644042969,7.96999979019165,179794100224.0,0.0
2017-08-14 22:19:29,7.416866779327393,41.22595977783203,4912.1826171875,154.0,7.71999979019165,179804225536.0,0.0
2017-08-14 22:20:29,4.7821946144104,67.42333221435547,4079.800048828125,99.0,11.8100004196167,179788283904.0,0.0
2017-08-14 22:21:29,4.742092132568359,57.66090774536133,4181.236328125,132.82656860351562,12.4399995803833,179814498304.0,0.0
2017-08-14 22:22:29,8.42908000946045,74.87228393554688,10773.0,4719.85595703125,17.030000686645508,179897106432.0,0.0
2017-08-14 22:23:29,6.5246806144714355,31.693880081176758,5932.78662109375,289.0,15.640000343322754,179890323456.0,0.0
2017-08-14 22:24:29,8.815275192260742,75.7302474975586,6494.89892578125,111.4000015258789,12.149999618530273,179841662976.0,0.0
2017-08-14 22:25:29,5.522148609161377,68.5752944946289,4970.2001953125,233.0,14.510000228881836,179888898048.0,0.0
2017-08-14 22:26:29,22.177661895751953,50.57148742675781,13981.2041015625,114.97700500488281,13.529999732971191,179853983744.0,0.0
2017-08-14 22:27:29,4.475741863250732,42.39631271362305,3077.615478515625,102.22044372558594,12.970000267028809,179813122048.0,0.0
2017-08-14 22:28:29,10.956705093383789,53.932132720947266,5610.92236328125,161.2322540283203,10.9399995803833,163871457280.0,0.0
2017-08-14 22:29:29,7.000751495361328,80.42280578613281,4743.39990234375,175.83517456054688,15.220000267028809,157154476032.0,0.0
2017-08-14 22:30:29,6.116514682769775,76.49654388427734,6265.453125,153.63072204589844,16.020000457763672,149231747072.0,0.0
2017-08-14 22:31:29,4.309220314025879,47.68922424316406,3576.0,109.0,15.920000076293945,139838619648.0,0.0
2017-08-14 22:32:29,4.774801731109619,43.243919372558594,2853.62939453125,151.39999389648438,12.25,131175137280.0,0.0
2017-08-14 22:33:29,4.026273727416992,59.80961990356445,2623.9248046875,128.42568969726562,10.039999961853027,124945432576.0,0.0
2017-08-14 22:34:29,8.059342384338379,62.14564895629883,4029.39990234375,131.0261993408203,10.9399995803833,116206567424.0,0.0
2017-08-14 22:35:29,7.22988224029541,63.62042236328125,5266.05322265625,143.45738220214844,11.130000114440918,119450075136.0,0.0
2017-08-14 22:36:29,12.79775333404541,46.2913818359375,9934.5869140625,181.8000030517578,9.020000457763672,120046469120.0,0.0
2017-08-14 22:37:29,6.060454368591309,35.545188903808594,4946.189453125,118.4236831665039,9.819999694824219,120181506048.0,0.0
2017-08-14 22:38:29,6.341487884521484,29.59193992614746,4439.39990234375,130.0260009765625,6.489999771118164,120310644736.0,0.0
2017-08-14 22:39:29,11.787129402160645,52.76288604736328,10063.6123046875,125.42508697509766,5.039999961853027,120552407040.0,0.0
2017-08-14 22:40:29,2.4092161655426025,49.654239654541016,2133.199951171875,155.8000030517578,10.640000343322754,120658771968.0,0.0
2017-08-14 22:41:29,14.418254852294922,52.06557846069336,9613.5224609375,100.02000427246094,8.770000457763672,120789172224.0,0.0
2017-08-14 22:42:29,15.099072456359863,60.490177154541016,10267.599609375,153.8307647705078,10.869999885559082,120873877504.0,0.0
2017-08-14 22:43:32,17.742340087890625,66.1923828125,12136.2001953125,164.8000030517578,9.84000015258789,120912248832.0,0.0
2017-08-14 22:44:32,6.497217655181885,47.0496826171875,4659.39990234375,137.02740478515625,9.609999656677246,121272270848.0,0.0
2017-08-14 22:45:32,16.61482810974121,84.55948638916016,12860.0,126.19999694824219,16.579999923706055,121330221056.0,0.0
2017-08-14 22:46:32,9.838200569152832,48.2991828918457,6339.4677734375,117.02340698242188,16.709999084472656,121375916032.0,0.0
2017-08-14 22:47:32,6.563377380371094,51.37233352661133,4711.0,207.04141235351562,12.550000190734863,121420447744.0,0.0
2017-08-14 22:48:32,2.9529731273651123,31.3790340423584,1448.800048828125,136.4272918701172,9.710000038146973,121407438848.0,0.0
2017-08-14 22:49:32,10.047607421875,74.0866928100586,8333.06640625,194.83897399902344,8.15999984741211,122081452032.0,0.0
2017-08-14 22:50:32,18.924072265625,87.42156982421875,14271.599609375,155.031005859375,16.059999465942383,122103078912.0,0.0
2017-08-14 22:51:32,5.187262058258057,70.34813690185547,8987.998046875,169.1999969482422,19.5,122141384704.0,0.0
2017-08-14 22:52:32,3.172614336013794,34.58707046508789,1898.1796875,149.8000030517578,15.670000076293945,122189987840.0,0.0
2017-08-14 22:53:32,1.8137180805206299,19.287254333496094,1112.0,140.8281707763672,9.640000343322754,122279518208.0,0.0
2017-08-14 22:54:32,4.650463581085205,45.604366302490234,4758.95166015625,158.4316864013672,8.699999809265137,122480656384.0,0.0
2017-08-14 22:55:32,4.857629776000977,62.8738899230957,1952.9906005859375,176.0352020263672,9.770000457763672,122635894784.0,0.0
2017-08-14 22:56:32,10.785298347473145,49.63412094116211,5672.53466796875,270.2540588378906,11.460000038146973,122783645696.0,0.0
2017-08-14 22:57:32,19.594459533691406,66.62991333007812,16610.521484375,152.23045349121094,14.0600004196167,122720616448.0,0.0
2017-08-14 22:58:32,17.063133239746094,65.36125183105469,15062.0,181.0,18.170000076293945,122701185024.0,0.0
2017-08-14 22:59:32,5.968728065490723,45.550262451171875,6570.7998046875,210.04200744628906,14.460000038146973,122762674176.0,0.0
2017-08-14 23:00:32,6.04998254776001,95.04682922363281,7367.7998046875,152.1999969482422,14.6899995803833,122791092224.0,0.0
2017-08-14 23:01:32,6.364411354064941,93.22433471679688,10126.7998046875,136.1999969482422,15.0,122816421888.0,0.0
2017-08-14 23:02:32,9.024365425109863,72.14307403564453,5822.96435546875,144.62892150878906,13.9399995803833,122855440384.0,0.0
2017-08-14 23:03:32,8.609969139099121,87.01597595214844,5119.6240234375,152.23045349121094,15.75,122893991936.0,0.0
2017-08-14 23:04:32,9.530967712402344,71.5989990234375,8193.7998046875,154.63092041015625,17.09000015258789,122911260672.0,0.0
2017-08-14 23:05:32,3.6457550525665283,66.57482147216797,3265.2529296875,156.0,14.819999694824219,123147927552.0,0.0
2017-08-14 23:06:32,2.8372349739074707,45.21028518676758,2238.199951171875,170.23403930664062,12.65999984741211,123111374848.0,0.0
2017-08-14 23:07:32,4.5254082679748535,25.098962783813477,4173.03466796875,125.5999984741211,10.470000267028809,123168292864.0,0.0
2017-08-14 23:08:32,4.19422721862793,21.602123260498047,2617.0,142.42848205566406,7.079999923706055,123131871232.0,0.0
2017-08-14 23:09:32,8.926332473754883,57.482208251953125,7510.501953125,137.62753295898438,11.420000076293945,123152089088.0,0.0
2017-08-14 23:10:32,3.1755571365356445,52.356624603271484,5252.8505859375,159.60000610351562,13.75,123251843072.0,0.0
2017-08-14 23:11:32,18.67194938659668,72.04975128173828,14181.0,149.1999969482422,14.199999809265137,123225006080.0,0.0
2017-08-14 23:12:32,2.992931365966797,31.602947235107422,2294.353271484375,133.8000030517578,9.489999771118164,123259142144.0,0.0
